﻿Spotify URI,Track Name,Artist Name,Album Name,Disc Number,Track Number,Track Duration (ms),Added By,Added At
"spotify:track:3bAyl2s5q4aVmK7UuKu6qD","You're Everything","Return To Forever, Chick Corea, Neville Potter","History","1","5","314733","spotify:user:21l7lx3frau5ex73pmhzwtygi","2019-04-11T18:49:06Z"
"spotify:track:4LM9EXnUrWSb0MLUTGUive","Chick's Chums","Chick Corea, Steve Gadd","Chinese Butterfly","1","1","563053","spotify:user:21l7lx3frau5ex73pmhzwtygi","2019-04-21T13:49:50Z"
"spotify:track:2Tz6RLWjzkANX0VFBy9OvT","Portals To Forever","Chick Corea","The Vigil","1","3","962520","spotify:user:21l7lx3frau5ex73pmhzwtygi","2019-04-22T12:38:36Z"
"spotify:track:26BkRNwJhRr6cwapeK9r7z","Return To Forever","Chick Corea, Steve Gadd, Philip Bailey","Chinese Butterfly","1","6","1049613","spotify:user:21l7lx3frau5ex73pmhzwtygi","2019-04-22T12:49:34Z"
"spotify:track:04FRoNaiFZyuRGL8TeI1I5","ジェントル・レイン","George Garzone, Trio da Paz","恋とボサノバの夜","1","2","356000","spotify:user:21l7lx3frau5ex73pmhzwtygi","2019-04-22T15:27:14Z"
"spotify:track:7K8fYFufbs5Ml2foQ2KTpH","Song Tree","Enrico Rava Quintet","Tribe","1","8","216346","spotify:user:21l7lx3frau5ex73pmhzwtygi","2019-05-02T11:21:26Z"
"spotify:track:6BOru56RwBcQli1OWeMb68","Humility","Kamasi Washington","Harmony of Difference","1","2","166164","spotify:user:21l7lx3frau5ex73pmhzwtygi","2019-05-08T12:40:51Z"
"spotify:track:6r131w2iZTb7qF72x307Ga","Gambashwari","School Of The Arts, t lavitz, Dave Weckl, Frank Gambale, John Patitucci","School of the Arts","1","7","302853","spotify:user:21l7lx3frau5ex73pmhzwtygi","2019-05-08T20:10:48Z"
"spotify:track:0db6wjpj7LlreaVz9cO3dq","Spain","Return To Forever, Joaquín Rodrigo, Chick Corea","History","1","1","589933","spotify:user:21l7lx3frau5ex73pmhzwtygi","2019-05-09T10:31:08Z"
"spotify:track:70NTrK2QjPjGBqjB3HzUQU","Changes","Theo Croker","Escape Velocity","1","14","270066","spotify:user:21l7lx3frau5ex73pmhzwtygi","2019-05-09T14:22:14Z"
"spotify:track:1cDjiSFLA8ZGOqu0haWUcG","Meditations","Theo Croker","Escape Velocity","1","8","307013","spotify:user:21l7lx3frau5ex73pmhzwtygi","2019-05-09T15:09:07Z"
"spotify:track:4sXJbE80aMZuRCzTJQE0Y7","No Escape from Bliss","Theo Croker","Escape Velocity","1","5","233426","spotify:user:21l7lx3frau5ex73pmhzwtygi","2019-05-09T16:02:10Z"
"spotify:track:03EWY9e55xdS9HBqw9VQPF","A Little Mouse Music","School Of The Arts, t lavitz, Dave Weckl, Frank Gambale, John Patitucci","School of the Arts","1","10","462173","spotify:user:21l7lx3frau5ex73pmhzwtygi","2019-05-09T17:21:04Z"
"spotify:track:6LQo8qmCxZGAPFRGskz1t3","The Space Travelers Lullaby","Kamasi Washington","Heaven and Earth","2","1","631659","spotify:user:21l7lx3frau5ex73pmhzwtygi","2019-05-09T19:23:47Z"
"spotify:track:7y8YT71woP61vMze8Lwf4N","Down In The Village","Quasimode","Oneself Likeness","1","2","390680","spotify:user:21l7lx3frau5ex73pmhzwtygi","2019-08-03T08:41:27Z"
"spotify:track:1Ghql8VvFkhFD5CZrjKMcM","Ladja","Grégory Privat, Linley Marthe, Tilo Bertholo","Family Tree (with Linley Marthe & Tilo Bertholo)","1","8","324863","spotify:user:21l7lx3frau5ex73pmhzwtygi","2019-10-21T14:52:54Z"
"spotify:track:0QbV35CKd6pEG6NurX3ckZ","The Garden","Brad Mehldau","Finding Gabriel","1","1","438081","spotify:user:21l7lx3frau5ex73pmhzwtygi","2019-10-21T14:52:56Z"
"spotify:track:5Ua0UoYF8qxUCwBY0WOjRl","Slip","Shubh Saran","Hmayra","1","2","199763","spotify:user:21l7lx3frau5ex73pmhzwtygi","2019-10-21T14:52:59Z"
"spotify:track:38eQq0jRkd32NsLWRVVRyZ","Vamp","Brendan Eder Ensemble","Brendan Eder Ensemble","1","6","200986","spotify:user:21l7lx3frau5ex73pmhzwtygi","2019-10-21T14:53:32Z"
"spotify:track:5GckybKnPXiiUiUpAiAZHo","Shake Me Down","Nubiyan Twist","Nubiyan Twist","1","6","502760","spotify:user:21l7lx3frau5ex73pmhzwtygi","2019-10-21T14:53:47Z"
"spotify:track:6X95ZT98rLBzVnE1wCXo38","Take Five","The Dave Brubeck Quartet","The Definitive 60's (sixties)","1","17","324093","spotify:user:21l7lx3frau5ex73pmhzwtygi","2019-10-21T14:53:50Z"
"spotify:track:4wGupKnQQTWnb0ypjBjdfD","I'm Getting Sentimental over You","George Garzone, James Macaulay, Monash University Big Band","The Monash Sessions","1","1","261946","spotify:user:21l7lx3frau5ex73pmhzwtygi","2019-10-21T14:53:53Z"
"spotify:track:1biJzgwRQQAndAwJizaSPR","Nutville","George Garzone, Monash University Big Band","The Monash Sessions","1","4","257266","spotify:user:21l7lx3frau5ex73pmhzwtygi","2019-10-21T14:53:56Z"
"spotify:track:4vrYSHMFcySIKPpn7NssJn","Okalvongo","George Garzone, Monash University Big Band","The Monash Sessions","1","3","672120","spotify:user:21l7lx3frau5ex73pmhzwtygi","2019-10-21T14:53:59Z"
"spotify:track:0f5OX05LbEZjSNlAyOVp4j","Stadium Jazz","Donny McCaslin","Casting For Gravity","1","1","437607","spotify:user:21l7lx3frau5ex73pmhzwtygi","2019-10-21T14:54:01Z"
"spotify:track:62VWmsNoDmqT0Mj9oHHFVh","Strasbourg / St. Denis","Roy Hargrove","Earfood","1","3","278626","spotify:user:21l7lx3frau5ex73pmhzwtygi","2019-10-21T14:54:04Z"
"spotify:track:012fxElmeY3vbST5GH7uEc","Rock Steady","Lauren Desberg","Twenty First Century Problems","1","6","215655","spotify:user:21l7lx3frau5ex73pmhzwtygi","2019-10-21T15:11:59Z"
"spotify:track:0iX680UlmrOhTrCH5lmaJ0","Can't Stop the Show","Lauren Desberg","Twenty First Century Problems","1","1","329653","spotify:user:21l7lx3frau5ex73pmhzwtygi","2019-10-21T15:12:01Z"
"spotify:track:48G7Ta3PDOxEpDXfjGxDHr","Apple Blossom","Esperanza Spalding","Chamber Music Society","1","6","362520","spotify:user:21l7lx3frau5ex73pmhzwtygi","2019-10-21T15:12:03Z"
"spotify:track:2AUC8RpImJa9mKeolpWTVW","Good Lava","Esperanza Spalding","Emily’s D+Evolution (Deluxe Edition)","1","1","217880","spotify:user:21l7lx3frau5ex73pmhzwtygi","2019-10-21T15:12:05Z"
"spotify:track:3KvLcnv7irEiRuXFyNlsvT","Unconditional Love","Esperanza Spalding","Emily’s D+Evolution","1","2","226440","spotify:user:21l7lx3frau5ex73pmhzwtygi","2019-10-21T15:12:08Z"
"spotify:track:2CS0RcwxuawBHEs8n7gS3i","Precious","Esperanza Spalding","Esperanza","1","7","263506","spotify:user:21l7lx3frau5ex73pmhzwtygi","2019-10-21T15:12:10Z"
"spotify:track:3afeZ81GDy59tATovKyH6Z","I Know You Know","Esperanza Spalding","Esperanza","1","2","225200","spotify:user:21l7lx3frau5ex73pmhzwtygi","2019-10-21T15:12:12Z"
"spotify:track:0dy1AHcYegwz5W0Zygc2Nq","Brown Round Things (feat. Ambrose Akinmusire) (feat. Ambrose Akinmusire)","Somi, Ambrose Akinmusire","The Lagos Music Salon","1","7","270946","spotify:user:21l7lx3frau5ex73pmhzwtygi","2019-10-21T15:12:14Z"
"spotify:track:4hkL4pzAuVtpS70FzS1i5i","Nature Boy","Kurt Elling","The Messenger","1","1","369160","spotify:user:21l7lx3frau5ex73pmhzwtygi","2019-10-21T15:12:17Z"
"spotify:track:2m4AKjV0OBfSft7YYh8y5x","Ponta De Areia","Esperanza Spalding","Esperanza","1","1","336706","spotify:user:21l7lx3frau5ex73pmhzwtygi","2019-10-21T15:12:19Z"
"spotify:track:3XPYMyW85vr0TxFcCu5fAj","Vital Transformation (with John McLaughlin) - Remastered","Mahavishnu Orchestra, John McLaughlin","The Essential Mahavishnu Orchestra with John McLaughlin (with John McLaughlin)","1","2","375840","spotify:user:21l7lx3frau5ex73pmhzwtygi","2019-10-21T15:16:03Z"
"spotify:track:1c3b6JuJQWN76u3yVHXMKp","Which Way is Up?!","Oz Noy, Will Lee, James Genus, Anton Fig, Keith Carlock, Jim Beard","Fuzzy","1","1","479040","spotify:user:21l7lx3frau5ex73pmhzwtygi","2019-10-21T15:16:06Z"
"spotify:track:1NX9NOQBZxQ7ZuYowwixB0","Imperial Strut - Remastered Version","Yellowjackets","The Best Of Yellowjackets","1","7","329800","spotify:user:21l7lx3frau5ex73pmhzwtygi","2019-10-21T15:16:17Z"
"spotify:track:0oJjpUvt3Bm8IEgflXlt9X","Transvested Express","Larry Coryell, Alphonse Mouzon","Back Together Again","1","3","231706","spotify:user:21l7lx3frau5ex73pmhzwtygi","2019-10-21T15:16:19Z"
"spotify:track:0grIjIErlVS7mukVwRPdt3","Once In A Lifetime","Vital Information","Where We Come From","1","16","643613","spotify:user:21l7lx3frau5ex73pmhzwtygi","2019-10-21T15:16:21Z"
"spotify:track:5TSeJ2XjbqsA1wc4QmR8kV","Mariana","MARO, Manuel Rocha","MARO & Manel","1","9","215179","spotify:user:21l7lx3frau5ex73pmhzwtygi","2019-10-21T16:07:07Z"
"spotify:track:3HINPLAYD1sMTAohpXlcSf","Aquela valsa","Hermeto Pascoal","Grandes Mestres da MPB","1","6","164266","spotify:user:21l7lx3frau5ex73pmhzwtygi","2019-10-21T16:07:09Z"
"spotify:track:7qVnzohY8VAKFkiJIgStbk","Alma Mía (feat. Los Macorinos)","Natalia Lafourcade, Los Macorinos","Musas (Un Homenaje al Folclore Latinoamericano en Manos de Los Macorinos), Vol. 2","1","2","259586","spotify:user:21l7lx3frau5ex73pmhzwtygi","2019-10-21T16:07:11Z"
"spotify:track:0nzF6zVEEVzSvBIIQXMr1t","Rainbo Conversation","Stereolab","Dots And Loops","1","6","286346","spotify:user:21l7lx3frau5ex73pmhzwtygi","2019-10-21T16:07:13Z"
"spotify:track:4dOx3hSe48dWIQKUKL3Zsn","Pipoca","Sérgio Mendes","Brasileiro","1","11","190373","spotify:user:21l7lx3frau5ex73pmhzwtygi","2019-10-21T16:07:15Z"
"spotify:track:27GRBPtGludLEDnlR9CMrw","Capivara","Aline Morena, Hermeto Pascoal","Bodas de Latão","1","2","199906","spotify:user:21l7lx3frau5ex73pmhzwtygi","2019-10-21T16:07:18Z"
"spotify:track:77j7kF8EeK2GpCqRX6L6BQ","Aldeia De Ogum","Joyce","Da Cor Brasileira","1","13","274813","spotify:user:21l7lx3frau5ex73pmhzwtygi","2019-10-21T16:07:19Z"
"spotify:track:3kt1F8mkM6F9GbWgy9kxU3","空想夜間飛行","Lamp","東京ユウトピア通信","1","1","256146","spotify:user:21l7lx3frau5ex73pmhzwtygi","2019-10-21T16:07:22Z"
"spotify:track:58BW9X4EEmarxjaXE6Izkw","The Girl From Ipanema - Stereo Version","Stan Getz, João Gilberto, Astrud Gilberto","Stan Getz's Finest Hour","1","6","325506","spotify:user:21l7lx3frau5ex73pmhzwtygi","2019-10-21T16:07:24Z"
"spotify:track:0yNMCWaGpS0lhQLjs12cr4","Lua Soberana","Sérgio Mendes","Brasileiro","1","5","253893","spotify:user:21l7lx3frau5ex73pmhzwtygi","2019-10-21T16:07:28Z"
"spotify:track:6Wi63rjHLhCnP7yr6nOAdg","Shaker Song","The Manhattan Transfer","Extensions","1","8","272506","spotify:user:21l7lx3frau5ex73pmhzwtygi","2019-10-21T16:07:32Z"
"spotify:track:4aq0YnCU5FXCCnarrcYdrC","Mudo Caguete","Bezerra Da Silva","Eu Não Sou Santo","1","3","218066","spotify:user:21l7lx3frau5ex73pmhzwtygi","2019-10-21T16:07:34Z"
"spotify:track:7cLDHvcjVkCd25M34797PC","Weightless","Levox","Weightless","1","1","135039","spotify:user:21l7lx3frau5ex73pmhzwtygi","2019-10-21T16:07:55Z"
"spotify:track:3i3GeK0qLQybu4ah42YmCY","Smooth (feat. Rob Thomas)","Santana, Rob Thomas","Ultimate Santana","1","3","295986","spotify:user:21l7lx3frau5ex73pmhzwtygi","2019-10-21T16:08:11Z"
"spotify:track:3QQ1Y3ns548DCt5vcIW7Lm","No Mar - Ao Vivo","Natiruts","Natiruts Acústico no Rio de Janeiro","1","16","207706","spotify:user:21l7lx3frau5ex73pmhzwtygi","2019-10-21T16:08:13Z"
"spotify:track:7cLDHvcjVkCd25M34797PC","Weightless","Levox","Weightless","1","1","135039","spotify:user:21l7lx3frau5ex73pmhzwtygi","2019-10-21T16:08:15Z"
"spotify:track:4EveU9Zb50mjgi5avDNqlK","Bamboleo","Gipsy Kings","!Volare! The Very Best of the Gipsy Kings","1","2","203173","spotify:user:21l7lx3frau5ex73pmhzwtygi","2019-10-21T16:08:17Z"
"spotify:track:6YTBfxkdGce9pLEy9jG9Jo","Mais Que Nada","Sergio Mendes & Brasil '66","Foursider","1","1","159466","spotify:user:21l7lx3frau5ex73pmhzwtygi","2019-10-21T16:08:21Z"
"spotify:track:3pHi49H2DjfnpqX6iOaLC8","Nemesis","Aaron Parks","Invisible Cinema","1","3","374613","spotify:user:21l7lx3frau5ex73pmhzwtygi","2019-10-21T16:44:13Z"
"spotify:track:7B5p2XX9Prn5OkI5mye6gE","Stadium Jazz","Donny McCaslin","Casting for Gravity (feat. Jason Lindner, Tim Lefebvre & Mark Guiliana)","1","1","437607","spotify:user:21l7lx3frau5ex73pmhzwtygi","2019-10-21T16:49:38Z"
"spotify:track:6RMWuShjqxuHL9HGL8pZeb","Spain","Chick Corea, Return To Forever","Verve Jazz Masters 3","1","7","589933","spotify:user:21l7lx3frau5ex73pmhzwtygi","2019-10-21T16:50:01Z"
"spotify:track:5BTSprVXxjXVwjXYcrnkwl","Haze","Shubh Saran","Hmayra","1","5","364114","spotify:user:21l7lx3frau5ex73pmhzwtygi","2019-10-21T16:59:39Z"
"spotify:track:0QbGNUAPEcZ9aVS8qjuyjS","City Boy","Judd Greenstein, Now Ensemble","Dreamfall","1","9","675395","spotify:user:21l7lx3frau5ex73pmhzwtygi","2019-10-21T17:03:36Z"
"spotify:track:1QIX751D0OtRwxNrYgbTg9","Pole Star","Charles Lloyd","Pathless Path","1","2","138853","spotify:user:21l7lx3frau5ex73pmhzwtygi","2019-10-21T17:05:20Z"
"spotify:track:35fC3Wq3slX4OBfyvBVmHm","Samba Pa Ti","Santana","Abraxas","1","7","284800","spotify:user:21l7lx3frau5ex73pmhzwtygi","2019-10-21T17:08:15Z"
"spotify:track:7LblT8I1YJHhdFyaY8gUyI","Eternity's Breath, Pt. 1","Mahavishnu Orchestra","Visions of the Emerald Beyond","1","1","190640","spotify:user:21l7lx3frau5ex73pmhzwtygi","2019-10-21T17:12:13Z"
"spotify:track:0dCbhZ6jVeSLJ0of5wf2hm","Birds of Fire","Mahavishnu Orchestra","Birds Of Fire","1","1","342800","spotify:user:21l7lx3frau5ex73pmhzwtygi","2019-10-21T17:12:16Z"
"spotify:track:29uRmlE49uQOweIR9FlRLy","You Know, You Know (with John McLaughlin) - Remastered","Mahavishnu Orchestra, John McLaughlin","The Essential Mahavishnu Orchestra with John McLaughlin (with John McLaughlin)","1","6","307973","spotify:user:21l7lx3frau5ex73pmhzwtygi","2019-10-21T17:12:19Z"
"spotify:track:3zTPm7WbVCByG66AOqkMNZ","Meeting of the Spirits (with John McLaughlin) - Remastered","Mahavishnu Orchestra, John McLaughlin","The Essential Mahavishnu Orchestra with John McLaughlin (with John McLaughlin)","1","3","411506","spotify:user:21l7lx3frau5ex73pmhzwtygi","2019-10-21T17:12:21Z"
"spotify:track:3Id76NjIt3c3HGYhjiEkzf","Lakta Mata Ha","Andromeda Mega Express Orchestra","Vula","1","3","635533","spotify:user:21l7lx3frau5ex73pmhzwtygi","2019-10-21T17:29:21Z"
"spotify:track:3rFzc8CLVDZ7OOtFa2jPYP","Moanin'","Charles Mingus","Blues & Roots","1","3","482959","spotify:user:21l7lx3frau5ex73pmhzwtygi","2019-10-21T17:34:10Z"
"spotify:track:3riHHRLTFgNfegt7fzdm8i","Middle Of The Night","Lalo Schifrin","No One Home","1","6","243693","spotify:user:21l7lx3frau5ex73pmhzwtygi","2019-10-21T17:40:50Z"
"spotify:track:2qf97fkebBNP320wDEkxR2","Batucada","Walter Wanderley","Batucada","1","3","127653","spotify:user:21l7lx3frau5ex73pmhzwtygi","2019-10-21T17:51:58Z"
"spotify:track:15MaulfW3zJfaMvsKrmF7R","It's Easy To Say Goodbye","Walter Wanderley","Rain Forest (Reissue)","1","2","123266","spotify:user:21l7lx3frau5ex73pmhzwtygi","2019-10-21T17:52:15Z"
"spotify:track:5PSq9oe5T0OJLMbHzwAXOQ","First Born","James Brandon Lewis, Chad Taylor","Radiant Imprints","1","5","253893","spotify:user:21l7lx3frau5ex73pmhzwtygi","2019-10-21T18:13:33Z"
"spotify:track:2BCWZhkwEhTI7SYNzwdCdu","Talfantelak","Abeer Nehme","Talfantelak","1","1","232396","spotify:user:21l7lx3frau5ex73pmhzwtygi","2019-10-22T15:33:48Z"
"spotify:track:4Sqkfwcm0HsUMlmmmZYTim","Nobody Other","Kadhja Bonet","The Visitor","1","7","198028","spotify:user:21l7lx3frau5ex73pmhzwtygi","2019-10-22T10:56:25Z"
"spotify:track:3KO1cSCkz4NkqvgPy0cpDk","A Stranger Spring","Honey Oat","Honey Oat","1","1","190000","spotify:user:21l7lx3frau5ex73pmhzwtygi","2019-10-22T10:58:16Z"
"spotify:track:3fPS1Yo4FA6RDxBytEgrBQ","Summer Storm","Fox + Sui","Taboo","1","1","161893","spotify:user:21l7lx3frau5ex73pmhzwtygi","2019-10-22T11:20:06Z"
"spotify:track:5SVE1WwLeCNdxPZXEVRb80","A Little Waltz For Mischa","The Hot Club Of San Francisco","Swing This","1","9","246933","spotify:user:21l7lx3frau5ex73pmhzwtygi","2019-10-22T11:23:09Z"
"spotify:track:7EsaE33h75IrpXerNvZDBo","Ménilmontant","Avalon Jazz Band","Je Suis Swing","1","1","220161","spotify:user:21l7lx3frau5ex73pmhzwtygi","2019-10-22T11:23:14Z"
"spotify:track:6M3Wjd3WA5EG1lJrUfHTms","Mamma Mia (version Valse)","Opa Tsupa","bastringue","1","10","235360","spotify:user:21l7lx3frau5ex73pmhzwtygi","2019-10-22T11:23:42Z"
"spotify:track:6LbVnwPp8tL1TVX82dXhEv","Bella Ciao","Klischée","Bella Ciao","1","1","174329","spotify:user:21l7lx3frau5ex73pmhzwtygi","2019-10-22T11:24:36Z"
"spotify:track:5ZQq2c8to2wXOkHxUgkzG8","Te Dikalo","Richard Bona","Scenes From My Life","1","6","255226","spotify:user:21l7lx3frau5ex73pmhzwtygi","2019-10-22T11:24:54Z"
"spotify:track:4GUNkk48oD8ohSnhHOp9Bo","Rumba Marina","Chano Dominguez, Angá, Piraña, Mario Rossi","Acércate Más","1","8","235586","spotify:user:21l7lx3frau5ex73pmhzwtygi","2019-10-22T11:24:58Z"
"spotify:track:78xjHkTjL40U44T1ogbE6r","Bakonoba","Fatoumata Diawara","Fatou","1","3","195600","spotify:user:21l7lx3frau5ex73pmhzwtygi","2019-10-22T11:25:02Z"
"spotify:track:6h9bu7OtdjalzHUnP7v5vG","O Sen Sen Sen","Richard Bona","Tiki","1","7","282560","spotify:user:21l7lx3frau5ex73pmhzwtygi","2019-10-22T11:25:13Z"
"spotify:track:04KsMCb9PZE2S0AtUU8Jhb","April Showers","Proleter","Curses from Past Times EP","1","1","275751","spotify:user:21l7lx3frau5ex73pmhzwtygi","2019-10-22T11:27:55Z"
"spotify:track:1sUbrYb20WAdDd9AwoAlc2","Songe d'automne","The Rosenberg Trio","Roots","1","1","238200","spotify:user:21l7lx3frau5ex73pmhzwtygi","2019-10-22T11:33:35Z"
"spotify:track:3faBLNRsTISXIwkhaHYz84","Dramophone","Caravan Palace","Panic","1","8","204626","spotify:user:21l7lx3frau5ex73pmhzwtygi","2019-10-22T11:34:00Z"
"spotify:track:61oV1pDJOkSEJX4qWJeANh","Jolie coquine","Caravan Palace","Caravan Palace","1","4","226786","spotify:user:21l7lx3frau5ex73pmhzwtygi","2019-10-22T11:35:06Z"
"spotify:track:1D5XPcVDMZsYYKSLY2u1dA","Short Tales Of The Black Forest","Al Di Meola","Land Of The Midnight Sun","1","6","340466","spotify:user:21l7lx3frau5ex73pmhzwtygi","2019-10-22T15:47:10Z"
"spotify:track:6vCrIKOtZTR1UphdzUtRKD","Bebe","Hermeto Pascoal, Doug deVries, James Macauley","The Monash Sessions","1","1","590973","spotify:user:21l7lx3frau5ex73pmhzwtygi","2019-10-22T15:53:00Z"
"spotify:track:0YskOa9EvglK9wLQvtHtXD","One","Esperanza Spalding","Emily’s D+Evolution","1","5","195213","spotify:user:21l7lx3frau5ex73pmhzwtygi","2019-10-22T16:00:17Z"
"spotify:track:1f54pkRnXdPZ0vFjwauIwU","Forrozinho Brejeiro","Hermeto Pascoal","Hermeto Pascoal e Sua Visão Original do Forró","1","13","202266","spotify:user:21l7lx3frau5ex73pmhzwtygi","2019-10-22T16:04:12Z"
"spotify:track:1dzET7BBRv2apibgAwkLls","The Romantic Warrior - Instrumental","Return To Forever","Romantic Warrior","1","3","651733","spotify:user:21l7lx3frau5ex73pmhzwtygi","2019-10-22T16:06:17Z"
"spotify:track:6jdnKXCiAM18THZruhy2Xf","The Magician - Instrumental","Return To Forever","Romantic Warrior","1","5","328893","spotify:user:21l7lx3frau5ex73pmhzwtygi","2019-10-22T16:06:24Z"
"spotify:track:6Zhht3quCOkSMf5udNByva","Madre Mia","Omar Sosa, Marvin Sewell, Pedrito Martinez, John Santos","Eggūn","1","6","527428","spotify:user:21l7lx3frau5ex73pmhzwtygi","2019-10-22T16:09:57Z"
"spotify:track:6amHOYbcwnMvrjhZy2v5m0","Tatihou","Argentina Tango Orchestra","The Tantalizing Tangos Of Argentina","1","4","163693","spotify:user:21l7lx3frau5ex73pmhzwtygi","2019-10-22T16:13:18Z"
"spotify:track:12Dpq3HXztXGp5TWbMZwgA","Badder Weather (feat. Josephine Oniyama)","Matthew Halsall, The Gondwana Orchestra, Josephine Oniyama","Into Forever","1","4","252040","spotify:user:21l7lx3frau5ex73pmhzwtygi","2019-10-22T16:16:20Z"
"spotify:track:0aWMVrwxPNYkKmFthzmpRi","Blue in Green","Miles Davis","Kind Of Blue (Legacy Edition)","1","3","337733","spotify:user:21l7lx3frau5ex73pmhzwtygi","2019-10-22T16:38:58Z"
"spotify:track:4bzHExY25fLaKZmr0IuMn9","Something About You","Jimmy Greene","Flowers – Beautiful Life, Vol. 2","1","10","359908","spotify:user:21l7lx3frau5ex73pmhzwtygi","2019-10-22T16:43:19Z"
"spotify:track:5ciCKiLGTIgfHKV4MxjInt","Hajanga","Jacob Collier","In My Room","1","8","362996","spotify:user:21l7lx3frau5ex73pmhzwtygi","2019-10-22T16:56:16Z"
"spotify:track:71XaNN1mGzNx3pyhSVduxF","Quebrando tudo","Hermeto Pascoal","Dose Dupla Hermeto Pascoal","2","9","355453","spotify:user:21l7lx3frau5ex73pmhzwtygi","2019-10-22T16:58:39Z"
"spotify:track:7FNYjfgNPRSWZaWDXKB459","Under the Sea","Jacob Collier","Jazz Loves Disney 2 - A Kind Of Magic","1","4","279293","spotify:user:21l7lx3frau5ex73pmhzwtygi","2019-10-22T16:59:48Z"
"spotify:track:50WP7MfQBAlZGFkQt48neP","Pernambuco Falando para o Mundo","Hermeto Pascoal","Hermeto Pascoal e Sua Visão Original do Forró","1","4","214160","spotify:user:21l7lx3frau5ex73pmhzwtygi","2019-10-22T17:01:00Z"
"spotify:track:6kMJZyliukkKJdGz0E7uLI","São Jorge","Hermeto Pascoal","Grandes Mestres da MPB","1","2","155373","spotify:user:21l7lx3frau5ex73pmhzwtygi","2019-10-22T17:01:51Z"
"spotify:track:5cS7aD4QQcM8EUXnMkEPil","冷ややかな情景","Lamp","東京ユウトピア通信","1","3","429306","spotify:user:21l7lx3frau5ex73pmhzwtygi","2019-10-25T16:22:50Z"
"spotify:track:45wiJJ90tsPv0vPqc9ooo6","Batucada","Sergio Mendes & Brasil '66, Ray Gilbert, Marcos Valle, Paulo Sergio Valle","Latin Jazz Lounge","1","6","143093","spotify:user:21l7lx3frau5ex73pmhzwtygi","2019-10-29T19:20:24Z"
"spotify:track:5EvehLwAeQkVwwEfoAawa4","Jarabi","AfroCubism","Afrocubism","1","6","357413","spotify:user:21l7lx3frau5ex73pmhzwtygi","2019-10-30T15:58:03Z"
"spotify:track:0f7fIrRgIYrTzXQOMreRry","Galatea's Guitar","Gábor Szabó","Dreams","1","1","342640","spotify:user:21l7lx3frau5ex73pmhzwtygi","2019-10-30T16:11:44Z"
"spotify:track:6ZgzbegG54CrKCXBgGRogc","Hello","Adam Neely, JAE SOTO","Hello","1","1","276758","spotify:user:21l7lx3frau5ex73pmhzwtygi","2019-10-30T18:26:06Z"
"spotify:track:2sEmZge5ZfzrFrDGFJbkyP","Strings of Light","Yussef Kamaal","Black Focus","1","2","508773","spotify:user:21l7lx3frau5ex73pmhzwtygi","2019-10-31T17:04:34Z"
"spotify:track:0f3BvTjePptxReXkfK5HDb","Valdez Off Crenshaw","Terrace Martin","Velvet Portraits","1","2","271080","spotify:user:21l7lx3frau5ex73pmhzwtygi","2019-10-31T17:10:05Z"
"spotify:track:4QSjp5nuuNAdlzUbVhICRM","I Can't Help It","Esperanza Spalding, Joe Lovano","Radio Music Society","1","6","282053","spotify:user:21l7lx3frau5ex73pmhzwtygi","2019-11-01T19:13:38Z"
"spotify:track:6XqBNBCqLypx0rubKLtkcC","A Nível De...","João Bosco","Comissão De Frente","1","2","220066","spotify:user:21l7lx3frau5ex73pmhzwtygi","2019-11-11T19:20:55Z"
"spotify:track:6yOZg5nN0tet0GZS3OtqS5","Habanera Imposible (with Estrella Morente)","Maria Dolores Pradera, Estrella Morente","Mujeres de Fina Estampa","1","8","249506","spotify:user:21l7lx3frau5ex73pmhzwtygi","2019-11-12T11:13:13Z"
"spotify:track:67T58XZZvKtjfzUd8rvedH","S3NS","Ibrahim Maalouf","S3NS","1","3","299000","spotify:user:21l7lx3frau5ex73pmhzwtygi","2019-11-13T11:20:32Z"
"spotify:track:3zQODQVAuZ0aSo8Wwqsp0X","Una Rosa Blanca","Ibrahim Maalouf, Harold López-Nussa","Una Rosa Blanca","1","1","338000","spotify:user:21l7lx3frau5ex73pmhzwtygi","2019-11-13T11:24:16Z"
"spotify:track:0Y7G7IND4eyvXwwiG5V7uw","Kalimboid","Arp","Kalimboid","1","1","317468","spotify:user:21l7lx3frau5ex73pmhzwtygi","2019-11-13T11:24:47Z"
"spotify:track:1rurgGCtDYBG0iOinfj9S4","Keep Walking","Shake Stew","Gris Gris","1","4","454000","spotify:user:21l7lx3frau5ex73pmhzwtygi","2019-11-13T11:27:17Z"
"spotify:track:5vNAYYytg8PvoRLGGYI6Lh","The Grid","Tigran Hamasyan","Mockroot","1","11","356920","spotify:user:21l7lx3frau5ex73pmhzwtygi","2019-11-13T11:28:48Z"
"spotify:track:6nGNzqlHTKugpRWkXrZkPC","Breathe","Alfa Mist, Kaya Thomas-Dyke","Antiphon","1","4","447000","spotify:user:21l7lx3frau5ex73pmhzwtygi","2019-11-13T11:30:36Z"
"spotify:track:3BRLDcyxf0mm5itkijRILa","Sonhos de Tóquio","Nomade Orquestra","Nômade Orquestra","1","2","384280","spotify:user:21l7lx3frau5ex73pmhzwtygi","2019-11-13T11:41:44Z"
"spotify:track:6qW2mgvirkNopCMd8gA3JT","Jammin E. Cricket","Chick Corea Elektric Band","Beneath The Mask","1","6","414133","spotify:user:21l7lx3frau5ex73pmhzwtygi","2019-11-13T21:10:16Z"
"spotify:track:5odUfeFuBxFv7hiWdL4yZ5","When We Low","Shigeto","The New Monday","1","9","294533","spotify:user:21l7lx3frau5ex73pmhzwtygi","2019-11-14T20:57:09Z"
"spotify:track:4OfBNv905Tx1F8zxX2FEh5","Nzuku","Arp","Zebra","1","2","414117","spotify:user:21l7lx3frau5ex73pmhzwtygi","2019-11-15T10:59:02Z"
"spotify:track:3S5H3Up4nTMQuHtXfJxm45","Rumble","Chick Corea Elektric Band","The Chick Corea Elektric Band","1","2","244306","spotify:user:21l7lx3frau5ex73pmhzwtygi","2019-11-15T11:12:52Z"
"spotify:track:3q14bEGX3KPfit3c2x2xpN","Roofquake","Adam Nitti","Not of This World","1","2","354320","spotify:user:21l7lx3frau5ex73pmhzwtygi","2019-11-15T11:13:02Z"
"spotify:track:0c7eX7yoRP95YGJXyalZQJ","1-4-U","Alain Caron","Septentrion","1","1","417920","spotify:user:21l7lx3frau5ex73pmhzwtygi","2019-11-15T11:13:12Z"
"spotify:track:7AWlSSW5n7SXpFEWkRm2Wz","Got A Match?","Chick Corea Elektric Band","The Chick Corea Elektric Band","1","5","339826","spotify:user:21l7lx3frau5ex73pmhzwtygi","2019-11-15T11:13:22Z"
"spotify:track:7JkYPzvw0EZHcPDs7EseGt","99 Flavors","Chick Corea Elektric Band","Beneath The Mask","1","9","236733","spotify:user:21l7lx3frau5ex73pmhzwtygi","2019-11-15T11:13:31Z"
"spotify:track:1zuOJA3hTwEO8iNOcK2arC","Dis' Place This","Dave Weckl","Hard-Wired","1","3","397533","spotify:user:21l7lx3frau5ex73pmhzwtygi","2019-11-15T11:13:45Z"
"spotify:track:4nYJhJVWyCUO8t28WDev0K","Second Nature","Johannes Zetterberg","Equanimity","1","11","352750","spotify:user:21l7lx3frau5ex73pmhzwtygi","2019-11-15T11:14:31Z"
"spotify:track:07sKLwVuq8hWGD0b2UDTiK","Rope Walk","Johannes Zetterberg","Painter's Portrait","1","4","281800","spotify:user:21l7lx3frau5ex73pmhzwtygi","2019-11-15T11:14:51Z"
"spotify:track:3Y8RtRID7lTqUmthL96Bkv","Hello Again","Return To Forever","Musicmagic","1","2","228813","spotify:user:21l7lx3frau5ex73pmhzwtygi","2019-11-15T11:15:15Z"
"spotify:track:01HUC6tn7AmuONh8hEoJIB","Anthony of the Desert","Johannes Zetterberg","Equanimity","1","4","246116","spotify:user:21l7lx3frau5ex73pmhzwtygi","2019-11-15T11:15:50Z"
"spotify:track:5YK0WaXMtRHeWEn8EIbmPw","Lua (feat. MARO)","Jacob Collier, MARO","Djesse Vol. 2","1","8","422333","spotify:user:21l7lx3frau5ex73pmhzwtygi","2019-11-15T11:17:22Z"
"spotify:track:3nBGaKwZtlOpOJg5oUv1YQ","Canto de Ossanha","Toquinho, Vinícius de Moraes","O Poeta e o Violão","1","6","167506","spotify:user:21l7lx3frau5ex73pmhzwtygi","2019-11-15T12:05:50Z"
"spotify:track:2u9mRfYp5vzMCCSLxS85X9","Yardley Suite","Ruby Rushton","Yardley Suite","1","1","235803","spotify:user:21l7lx3frau5ex73pmhzwtygi","2019-11-15T12:10:12Z"
"spotify:track:3Bi2qt5af4FtDZaH3jlOyM","Where It Ends And Begins - Edit","Nérija","Where It Ends And Begins","1","2","221304","spotify:user:21l7lx3frau5ex73pmhzwtygi","2019-11-15T12:10:24Z"
"spotify:track:2MbiFonNfrPseRanbvH8Iu","Colour Yes","Matthew Halsall","Colour Yes (Special Edition)","1","1","521373","spotify:user:21l7lx3frau5ex73pmhzwtygi","2019-11-15T12:12:27Z"
"spotify:track:2NvrwSfyqoX0UCSCr5alWR","Di Menor","Guinga","Suíte Leopoldina","1","3","197560","spotify:user:21l7lx3frau5ex73pmhzwtygi","2019-11-15T12:13:09Z"
"spotify:track:4btNg6ffbom5dvlS5NLLZz","The theme of Sachio","mabanua","メガロボクス オリジナル・サウンドトラック","1","13","138332","spotify:user:21l7lx3frau5ex73pmhzwtygi","2019-11-15T14:30:15Z"
"spotify:track:5VFk6u55TlxstTz08gvj6r","シアワセ林檎","Gesu No Kiwami Otome","達磨林檎","1","1","269786","spotify:user:21l7lx3frau5ex73pmhzwtygi","2019-11-15T14:32:30Z"
"spotify:track:6V3JM8cOAs1JdSOZTy8cPp","Sakamichi","Orisaka Yuta","Heisei","1","1","224760","spotify:user:21l7lx3frau5ex73pmhzwtygi","2019-11-15T14:37:13Z"
"spotify:track:7qPdc4CH1GGZaHBImyoZ69","Tesselation","Mild High Club","Skiptracing","1","4","152824","spotify:user:21l7lx3frau5ex73pmhzwtygi","2019-11-15T14:45:32Z"
"spotify:track:0TLxVVaxJWEVYHQhuHiwmL","Aquelas Coisas Todas","Toninho Horta, Orquestra Fantasma","Terra dos Pássaros","1","7","340040","spotify:user:21l7lx3frau5ex73pmhzwtygi","2019-11-15T14:55:16Z"
"spotify:track:3UEu7wdJkq8pyEinqCcmwI","Are You Going with Me?","Pat Metheny, Anna Maria Jopek","Upojenie","1","5","515186","spotify:user:21l7lx3frau5ex73pmhzwtygi","2019-11-15T14:55:54Z"
"spotify:track:1BWsQm7kOBjK2aSFYg5HQZ","Shofukan","Snarky Puppy","We Like It Here","1","1","393053","spotify:user:21l7lx3frau5ex73pmhzwtygi","2019-11-15T14:57:46Z"
"spotify:track:7qwuryqoBBEH56d3iEhIBO","Swahililand","Ahmad Jamal","Crystal","1","9","248760","spotify:user:21l7lx3frau5ex73pmhzwtygi","2019-11-15T15:00:02Z"
"spotify:track:78ooMD2FIztNsssiTafmPG","美しい仕打ち","DADARAY","DADASTATION","1","4","247563","spotify:user:21l7lx3frau5ex73pmhzwtygi","2019-11-15T15:17:18Z"
"spotify:track:2Jim49nxjnjcTdyCJO4mr6","Outlier","Snarky Puppy","We Like It Here","1","6","405306","spotify:user:21l7lx3frau5ex73pmhzwtygi","2019-11-15T15:17:41Z"
"spotify:track:0Oipytskw32e2d0NzW2wnc","Us - Remixed & Remastered 1994","Thad Jones, Mel Lewis","Consummation","1","5","214440","spotify:user:21l7lx3frau5ex73pmhzwtygi","2019-11-15T15:18:02Z"
"spotify:track:6WJbBt96ecBsP3W7oADQau","Sketches Of Brunswick East I","King Gizzard & The Lizard Wizard, Mild High Club","Sketches of Brunswick East","1","1","80133","spotify:user:21l7lx3frau5ex73pmhzwtygi","2019-11-16T19:43:24Z"
"spotify:track:46MHSJrZKl92tIiD6rGBSB","Metrópole","Cesar Camargo Mariano","São Paulo - Brasil","1","1","351160","spotify:user:21l7lx3frau5ex73pmhzwtygi","2019-11-17T14:14:53Z"
"spotify:track:4MvzC0LJskaZqIvQf1KYdC","Moshi, Moshi","Os Cariocas","A Bossa Brasileira","1","1","181600","spotify:user:21l7lx3frau5ex73pmhzwtygi","2019-11-17T14:21:38Z"
"spotify:track:6ReTCbOAUbnKKVBY0ckJMS","Manhattan","Blossom Dearie","Once Upon A Summertime","1","10","259706","spotify:user:21l7lx3frau5ex73pmhzwtygi","2019-11-17T14:32:00Z"
"spotify:track:41IIGbcmsYDgZYsgyyKg6Z","The Colours Of Chloë","Eberhard Weber","The Colours Of Chloë","1","2","471093","spotify:user:21l7lx3frau5ex73pmhzwtygi","2019-11-17T16:08:54Z"
"spotify:track:6BRbXfruMUC0sSPOtqKdiu","Babar - Feat. Detroit Symphony Orchestra","Zakir Hussain, Edgar Meyer, Béla Fleck","The Melody Of Rhythm","1","1","370946","spotify:user:21l7lx3frau5ex73pmhzwtygi","2019-11-17T16:23:46Z"
"spotify:track:4SVJkfw1Z69PHunArOJf8F","Peace Of Mind (with John McLaughlin)","Shakti, John McLaughlin","Natural Elements (with John McLaughlin)","1","8","202533","spotify:user:21l7lx3frau5ex73pmhzwtygi","2019-11-17T16:25:28Z"
"spotify:track:2OqSTGg1M3sPkh2wocPVj1","Ascension","The Comet Is Coming","Death to the Planet","1","4","214812","spotify:user:21l7lx3frau5ex73pmhzwtygi","2019-11-17T16:45:19Z"
"spotify:track:0tzr7MlSILJGmWHxCQvOYn","Eh Ya Ye","Trio Da Kali, Kronos Quartet","Ladilikan","1","3","291840","spotify:user:21l7lx3frau5ex73pmhzwtygi","2019-11-17T17:42:49Z"
"spotify:track:3aPOQ6TdIuAW8m1KZid1Hv","Mogoya","Oumou Sangaré","Mogoya","1","9","210773","spotify:user:21l7lx3frau5ex73pmhzwtygi","2019-11-17T17:43:53Z"
"spotify:track:55BLyzEWvwLYsho1xuEcjM","Betece","Africando, Amadou Balaké","Betece - All Stars","1","3","304826","spotify:user:21l7lx3frau5ex73pmhzwtygi","2019-11-17T17:47:06Z"
"spotify:track:7lGq5nILkhk5DrfxLddjFc","Sais (Egypt)","Lonnie Liston Smith and the Cosmic Echoes","Cosmic Funk","1","4","492293","spotify:user:21l7lx3frau5ex73pmhzwtygi","2019-11-17T17:50:56Z"
"spotify:track:1MglqgabKH4iSkw8xHJ0J9","What About Me?","Snarky Puppy","We Like It Here","1","2","402266","spotify:user:21l7lx3frau5ex73pmhzwtygi","2019-11-17T19:18:28Z"
"spotify:track:3tn5ySii38hJKM2HXiQGFy","Lowell","Kneebody","The Line","1","1","280259","spotify:user:21l7lx3frau5ex73pmhzwtygi","2019-11-17T19:39:35Z"
"spotify:track:447qkwkOJyIj8X3vwp1WWh","Twin Flame","Marquis Hill","Modern Flows, Vol. 2","1","2","360512","spotify:user:21l7lx3frau5ex73pmhzwtygi","2019-11-17T19:39:49Z"
"spotify:track:5qvMk0ZndEaclCG2HNRyqK","Lenore","Chick Corea","The Leprechaun","1","2","205893","spotify:user:21l7lx3frau5ex73pmhzwtygi","2019-11-17T19:40:15Z"
"spotify:track:37Z5gTlgMHD2iCorfOr0L9","Where Are You? (Love for JL) [feat. Copasetic & Lindsay Olsen]","Joomanji","Manj","1","13","259067","spotify:user:21l7lx3frau5ex73pmhzwtygi","2019-11-17T19:41:07Z"
"spotify:track:7qvTL9ygzgNEZC4y2f1PIB","Pete Wheeler","Jacob Mann Big Band","Greatest Hits, Vol. 1","1","1","185984","spotify:user:21l7lx3frau5ex73pmhzwtygi","2019-11-17T19:41:38Z"
"spotify:track:5P8LJE7nEEygqZI2Lh3hDk","System","Brotherly","One Sweet Life","1","1","424480","spotify:user:21l7lx3frau5ex73pmhzwtygi","2019-11-17T19:42:06Z"
"spotify:track:2vRGMXWFepCmB6TVON98MC","Lgm. Tirtonadi","Gesang","Album Emas Keroncong GESANG","1","7","189466","spotify:user:21l7lx3frau5ex73pmhzwtygi","2019-11-17T20:03:01Z"
"spotify:track:3m5kWHTfLwkfBK0v9bjXGM","Agua De Beber","Esquivel!","The Genius of Esquivel","1","2","175866","spotify:user:21l7lx3frau5ex73pmhzwtygi","2019-11-17T20:12:17Z"
"spotify:track:0KlruldrjiQnw4p9zrz9kh","The Warnings Part II","David Axelrod","Earth Rot","1","2","267693","spotify:user:21l7lx3frau5ex73pmhzwtygi","2019-11-17T20:13:04Z"
"spotify:track:5n0NUEzYITfCMH3c6KwHV1","Méditation Des Enfants","Alain Goraguer","La Planète Sauvage","1","24","93293","spotify:user:21l7lx3frau5ex73pmhzwtygi","2019-11-17T20:14:14Z"
"spotify:track:1h2Zt4fkA3cOudjqUbylPT","Simba - 1996 Digital Remaster","Les Baxter","The Exotic Moods Of Les Baxter","2","1","163000","spotify:user:21l7lx3frau5ex73pmhzwtygi","2019-11-17T20:16:21Z"
"spotify:track:5kteHIFleTAF9U2LTSDYZ6","Binky","Snarky Puppy","GroundUP","1","4","578106","spotify:user:21l7lx3frau5ex73pmhzwtygi","2019-11-19T15:01:52Z"
"spotify:track:0MuXZVMXHl01DBU5DdO3EP","Summer Sun","Koop","Waltz for Koop","1","4","227520","spotify:user:21l7lx3frau5ex73pmhzwtygi","2019-11-21T13:45:34Z"
"spotify:track:2HD2g1syRNaqanstTj8zfJ","Love Like You (End Credits)","Steven Universe, Rebecca Sugar","Steven Universe, Vol. 1 (Original Soundtrack)","1","37","143629","spotify:user:21l7lx3frau5ex73pmhzwtygi","2019-11-24T13:21:45Z"
"spotify:track:1Ac46UKyCsVuuE00zOjOG3","Pinkham V","Nérija, Nubya Garcia, Shirley Tetteh, Cassie Kinoshi, Sheila Maurice-Grey, Rosie Turton","NÉRIJA EP","1","1","325337","spotify:user:21l7lx3frau5ex73pmhzwtygi","2019-11-24T15:54:49Z"
"spotify:track:0qUtemRMa3X6xIu6JCrYSw","(To) Know Where You're Coming From","Joe Armon-Jones","Turn to Clear View","1","5","370786","spotify:user:21l7lx3frau5ex73pmhzwtygi","2019-11-24T15:55:43Z"
"spotify:track:1WDp3gBi6MV70sixFLaHHB","Treehouse","Hippo","Treehouse","1","1","333602","spotify:user:21l7lx3frau5ex73pmhzwtygi","2019-11-24T15:56:08Z"
"spotify:track:6M1HVSnYwQSQ35SMGpspai","Night Songs","Rob Luft","Riser","1","1","320248","spotify:user:21l7lx3frau5ex73pmhzwtygi","2019-11-24T15:56:56Z"
"spotify:track:4kkUI5uZbnrkW5dGFkeNI7","We'll Never Know","Chiminyo","I Am Chiminyo","1","1","276908","spotify:user:21l7lx3frau5ex73pmhzwtygi","2019-11-24T15:58:17Z"
"spotify:track:7Bwwp1QxHlkyBiO7NYDvTJ","Two","Space Captain","Two","1","1","316578","spotify:user:21l7lx3frau5ex73pmhzwtygi","2019-11-24T15:59:24Z"
"spotify:track:68eKtPuknupwYgAYVF9jtT","ALL CAPS","Abstract Orchestra","Madvillain, Vol. 1","1","3","275050","spotify:user:21l7lx3frau5ex73pmhzwtygi","2019-11-25T10:25:17Z"
"spotify:track:5n3MxCJ1KoMMo2ZkbF3VyR","Mixing Pot (Tacho)","Hermeto Pascoal","Slaves Mass (Expanded)","1","1","555626","spotify:user:21l7lx3frau5ex73pmhzwtygi","2019-11-25T18:07:51Z"
"spotify:track:6e2AdjxZbD7b87OyYtMB0Y","Mighty Engine of Rhythm","Pearl Django","With Friends Like These","1","8","243995","spotify:user:21l7lx3frau5ex73pmhzwtygi","2019-11-26T18:00:34Z"
"spotify:track:4X2Tjj0MqatwWIZChec6NU","November Night","Joscho Stephan","Swing News","1","14","232489","spotify:user:21l7lx3frau5ex73pmhzwtygi","2019-11-27T15:13:03Z"
"spotify:track:0UOKYamx2rZB4HYjedYFxn","Puttin' On the Ritz","Gypsy Swing Revue","Puttin' On The Ritz","1","10","238093","spotify:user:21l7lx3frau5ex73pmhzwtygi","2019-11-27T15:33:25Z"
"spotify:track:0uTdYqGBYFbtqVW5Bh5MH1","This Could Be (For The Travelling Soul)","Theo Croker","Escape Velocity","1","3","286106","spotify:user:21l7lx3frau5ex73pmhzwtygi","2019-12-01T18:32:24Z"
"spotify:track:0JkO1g2G0RDrZDqpfcNl09","Love from the Sun","Theo Croker, Dee Dee Bridgewater","Escape Velocity","1","13","267733","spotify:user:21l7lx3frau5ex73pmhzwtygi","2019-12-01T18:33:14Z"
"spotify:track:07BUBegoXmSQcokCOMAWwt","Have You Heard","Pat Metheny Group","Letter From Home","1","1","385866","spotify:user:21l7lx3frau5ex73pmhzwtygi","2019-12-02T19:32:55Z"
"spotify:track:5vRHlju25fl2hY0IPwTLbS","Travelers","Aaron Parks","Invisible Cinema","1","1","334880","spotify:user:21l7lx3frau5ex73pmhzwtygi","2019-12-02T19:49:50Z"
"spotify:track:78ENbwldOAHSfpGpB6Tr2n","The Strut","Adam Nitti","Not of This World","1","7","440146","spotify:user:21l7lx3frau5ex73pmhzwtygi","2019-12-02T19:50:07Z"
"spotify:track:25ICPDq5tFn13Xqdmetjli","Springtime Again","Sun Ra","Sleeping Beauty","1","1","557373","spotify:user:21l7lx3frau5ex73pmhzwtygi","2019-12-02T19:53:38Z"
"spotify:track:1AZRzlMAaXFndLEvHO8Sf6","I'm Not So Sure","Roy Hargrove","Earfood","1","1","348973","spotify:user:21l7lx3frau5ex73pmhzwtygi","2019-12-02T21:02:50Z"
"spotify:track:5riSr1LFW4Bv7JzMNwIc9C","Birdland","Maynard Ferguson","Carnival","1","5","338106","spotify:user:21l7lx3frau5ex73pmhzwtygi","2019-12-02T21:04:40Z"
"spotify:track:59BrMMx45o2Q7GtJALMhAQ","Moanin'","Mingus Big Band","Nostalgia in Times Square","1","2","539360","spotify:user:21l7lx3frau5ex73pmhzwtygi","2019-12-02T21:05:03Z"
"spotify:track:5F8rPLt2c52p0SK7kiH26b","Crystal Silence","Chick Corea","Return To Forever","1","2","415000","spotify:user:21l7lx3frau5ex73pmhzwtygi","2019-12-02T21:06:28Z"
"spotify:track:35fKquRsdtxdSAfIda1p5G","Lion of Mali","Hard Proof","Hard Proof","1","13","390546","spotify:user:21l7lx3frau5ex73pmhzwtygi","2019-12-03T17:00:15Z"
"spotify:track:7eQPnyqmDRvsDkjms12vI9","Bad Kids To The Back","Snarky Puppy","Bad Kids to the Back","1","1","345528","spotify:user:21l7lx3frau5ex73pmhzwtygi","2019-12-03T17:05:18Z"
"spotify:track:7Llu8SZBe5UuhJn4Jos5Qt","Black Focus","Yussef Kamaal","Black Focus","1","1","274253","spotify:user:21l7lx3frau5ex73pmhzwtygi","2019-12-03T17:26:50Z"
"spotify:track:6Muh3kBc7ONCuiWtdi0NCT","Godzilla","Vels Trio","Yellow Ochre EP","1","4","289459","spotify:user:21l7lx3frau5ex73pmhzwtygi","2019-12-03T17:42:42Z"
"spotify:track:6Rxg4bQ7J9oLHkv9Ia362W","Journey Through Time","The Shaolin Afronauts","Flight of The Ancients","1","1","315746","spotify:user:21l7lx3frau5ex73pmhzwtygi","2019-12-03T17:50:30Z"
"spotify:track:2xA9DhCOcYrKiD1bY1EF4J","El Ruso","Daymé Arocena","Nueva Era","1","8","284180","spotify:user:21l7lx3frau5ex73pmhzwtygi","2019-12-03T17:55:05Z"
"spotify:track:1BudKbiT5VBUH5tiBFV3qc","O Ôvo","Quarteto Novo","Quarteto Novo","1","1","137960","spotify:user:21l7lx3frau5ex73pmhzwtygi","2019-12-04T11:10:02Z"
"spotify:track:2dCBXxXNur85q9gGIpsAdr","Happy End","Tom Zé","Dois Momentos - Vol.1","1","1","130759","spotify:user:21l7lx3frau5ex73pmhzwtygi","2019-12-04T11:11:10Z"
"spotify:track:6MZuheCTuvcJUs1niNdN1M","São Jorge","Hermeto Pascoal","Zabumbe-Bum-A (Remasterizado)","1","1","155373","spotify:user:21l7lx3frau5ex73pmhzwtygi","2019-12-04T11:13:26Z"
"spotify:track:6xEHCWUvalb0fNYuAo591v","Nineteen","Rob Araujo","Nineteen","1","1","283200","spotify:user:21l7lx3frau5ex73pmhzwtygi","2019-12-05T15:04:19Z"
"spotify:track:65XhQCGWUESjTXw3YlEEqm","Zhivago","Kurt Rosenwinkel","Our Secret World","1","3","525026","spotify:user:21l7lx3frau5ex73pmhzwtygi","2019-12-05T15:05:22Z"
"spotify:track:2Hh5BKsYsg9Z5uLYyI9Ppl","Garden Dog Barbecue","GoGo Penguin","v2.0","1","2","224706","spotify:user:21l7lx3frau5ex73pmhzwtygi","2019-12-05T15:38:53Z"
"spotify:track:5JVLklFBxXYa6HKYKx3Beo","Entertain Me","Tigran Hamasyan","Mockroot","1","7","199853","spotify:user:21l7lx3frau5ex73pmhzwtygi","2019-12-05T16:01:23Z"
"spotify:track:4y1eun4soedwRatFHUjKDD","East Breeze","Okay Temiz","Heavy Prog, Psych & Blues of the World","1","13","277751","spotify:user:21l7lx3frau5ex73pmhzwtygi","2019-12-05T20:21:21Z"
"spotify:track:3Om2l7HrUDfKBpRYIGDl6N","Nterini - A COLORS SHOW","Fatoumata Diawara","Nterini - A COLORS SHOW","1","1","231923","spotify:user:21l7lx3frau5ex73pmhzwtygi","2019-12-06T10:36:14Z"
"spotify:track:7jPNoWAyDdfnzU3mUBI0HI","For My Ladies","Yussef Dayes, Rocco Palladino, Charlie Stacey","Duality","1","1","341345","spotify:user:21l7lx3frau5ex73pmhzwtygi","2019-12-06T10:45:13Z"
"spotify:track:6G2e47WHsPtB3mjYT39MW0","Overture 1","Ruby Rushton","Overture 1 / Yardley Suite","1","1","188118","spotify:user:21l7lx3frau5ex73pmhzwtygi","2019-12-06T10:46:13Z"
"spotify:track:5vZG4jaAzQeCVWLWGaik25","Just in Time","Buddy Rich","Just in Time","1","1","320807","spotify:user:21l7lx3frau5ex73pmhzwtygi","2019-12-06T10:46:46Z"
"spotify:track:5aSozRkbmo5fwxZs7SLQhS","waltz for hulot","Mamerico","minuscule","1","1","227653","spotify:user:21l7lx3frau5ex73pmhzwtygi","2019-12-06T10:59:50Z"
"spotify:track:0oaqf70ebCaYXtVE46nw8h","Baiao of Mumbai","Mathias Duplessy, The Violins of the World, Guo Gan, Enkhjargal Dandarvaanchig, Sabir Khan","Crazy Horse","1","8","310016","spotify:user:21l7lx3frau5ex73pmhzwtygi","2019-12-06T11:07:44Z"
"spotify:track:5KHB2Ba4QKjYsZHGrlQqNw","All That Is You","Me and My Friends","Hide Your Way","1","1","450240","spotify:user:21l7lx3frau5ex73pmhzwtygi","2019-12-06T11:14:58Z"
"spotify:track:56hJgtXlFUzjCps8yzMkWg","Nayan","Fatoumata Diawara, Abdoulaye Traore","Kanou EP","1","3","231240","spotify:user:21l7lx3frau5ex73pmhzwtygi","2019-12-06T11:17:34Z"
"spotify:track:5sRqZPlhgsv3g1RKQWBfQO","Mother In Law","Sierra Leone's Refugee All Stars","Radio Salone","1","3","316013","spotify:user:21l7lx3frau5ex73pmhzwtygi","2019-12-06T11:18:08Z"
"spotify:track:342K9TdhI57rjIEA6uTghP","Chant To Mother Earth","BLO","Nigeria 70 Vol. 1","1","2","366840","spotify:user:21l7lx3frau5ex73pmhzwtygi","2019-12-06T11:19:14Z"
"spotify:track:4pFSiNebWdqEgVKk7nIkn2","Tu vestido","Ana Prada","Soy Pecadora","1","8","201090","spotify:user:21l7lx3frau5ex73pmhzwtygi","2019-12-06T11:20:45Z"
"spotify:track:5YWt4BN6KlzpgtZdQdwrO1","Summer Joy","Holy Hand Grenade","Celebrate Not Separate","1","6","290888","spotify:user:21l7lx3frau5ex73pmhzwtygi","2019-12-06T11:23:14Z"
"spotify:track:6Dd5nqHC2TN11dFVKfyx7y","Nzaza","Tayfun Ates, Andreas Eichenauer, Bernhard Vanecek, Heiko Duffner, Hozan Temburwan, Leah Jean, Shenge Ndimbira","Nzaza","1","1","427084","spotify:user:21l7lx3frau5ex73pmhzwtygi","2019-12-06T11:24:56Z"
"spotify:track:0djgneNDitQWmLZ7Eq8egV","Wulumuchi Lu","Ben Misterka & Collectivity","Wulumuchi Lu","1","1","324373","spotify:user:21l7lx3frau5ex73pmhzwtygi","2019-12-06T11:25:16Z"
"spotify:track:1d79Oe118fd3ZA9m4Vt1d0","Shazeef","Bustan Abraham","Ashra (the First Decade Collection)","1","1","287560","spotify:user:21l7lx3frau5ex73pmhzwtygi","2019-12-06T11:26:59Z"
"spotify:track:7JJQPzFAV8I7a3sTURA2gt","Tiwàyyen","Tinariwen, Kurt Vile, Matt Sweeney","Elwan","1","1","224400","spotify:user:21l7lx3frau5ex73pmhzwtygi","2019-12-06T11:29:06Z"
"spotify:track:4Pyfmkdx0PsE77KpufP4LR","Salut","Toubab Krewe","Stylo","1","5","319325","spotify:user:21l7lx3frau5ex73pmhzwtygi","2019-12-06T11:30:44Z"
"spotify:track:60ejgHByYffKovo0QOymBg","Spider Wolf","Polyrhythmics","Caldera","1","2","191480","spotify:user:21l7lx3frau5ex73pmhzwtygi","2019-12-12T11:52:34Z"
"spotify:track:29QbclqOWJPIOrUGtU9K1R","Lord of the Fries","Polyrhythmics","Caldera","1","10","370920","spotify:user:21l7lx3frau5ex73pmhzwtygi","2019-12-12T11:54:41Z"
"spotify:track:0VsZSViyezZVaJfWC0eJtR","Glimmer","Now Vs Now, Justin Tyson, Jason Lindner, Panagiotis Andreou","The Buffering Cocoon","1","3","441904","spotify:user:21l7lx3frau5ex73pmhzwtygi","2019-12-13T07:10:42Z"
"spotify:track:0LtzIAlp7ImcMcLHXxOb7n","Xavi","Snarky Puppy","Immigrance","1","5","571323","spotify:user:21l7lx3frau5ex73pmhzwtygi","2019-12-13T07:18:25Z"
"spotify:track:63AaQYxlEqKvcUiv9M8i1m","Yana","Joel Ross","KingMaker","1","11","345960","spotify:user:21l7lx3frau5ex73pmhzwtygi","2019-12-13T07:28:33Z"
"spotify:track:1tFSSBklxo0g5PgWxxiYGx","The Prophet Is a Fool","Brad Mehldau","Finding Gabriel","1","6","407905","spotify:user:21l7lx3frau5ex73pmhzwtygi","2019-12-13T07:28:37Z"
"spotify:track:0MCtZmNUbShji97GHAuXeW","Plane Over Kansas","Eric Harland","13th Floor","1","11","416307","spotify:user:21l7lx3frau5ex73pmhzwtygi","2019-12-13T07:56:17Z"
"spotify:track:020lNhjfL8GZncDF2GIRQB","The Intrepid Fox","Jesse Fischer","Flipped II","1","5","378293","spotify:user:21l7lx3frau5ex73pmhzwtygi","2019-12-13T08:21:34Z"
"spotify:track:5ttt5jGhwwr227Ss80yw8Q","A Lover And A Fighter","James Francies","Flight","1","11","283489","spotify:user:21l7lx3frau5ex73pmhzwtygi","2019-12-13T08:25:57Z"
"spotify:track:75i129f0UVOfYmVaPQmijt","Fairweather Green","School Of The Arts, t lavitz, Dave Weckl, Frank Gambale, John Patitucci","School of the Arts","1","1","328986","spotify:user:21l7lx3frau5ex73pmhzwtygi","2019-12-13T09:33:17Z"
"spotify:track:5IAQ7zN0EZVfeGZe7mwhep","Manteca","Larry Coryell","Barefoot Man: Sanpaku","1","6","502489","spotify:user:21l7lx3frau5ex73pmhzwtygi","2019-12-13T09:34:57Z"
"spotify:track:1ssL0FWhyhaUwXFITWUDog","Mysterious Traveller","Jeff Lorber Fusion","Now Is The Time","1","5","236960","spotify:user:21l7lx3frau5ex73pmhzwtygi","2019-12-13T09:36:46Z"
"spotify:track:6hhpa8nis2KC2VkwroVouV","Ramat gan","Omer Avital","Abutbul Music (Bonus Track Version)","1","7","465954","spotify:user:21l7lx3frau5ex73pmhzwtygi","2019-12-13T09:39:09Z"
"spotify:track:5vWlKMqrEUvBLquvApxAep","Fauve","jizue","Shiori","1","7","282193","spotify:user:21l7lx3frau5ex73pmhzwtygi","2019-12-13T09:39:45Z"
"spotify:track:3bHgNxMcnlQcyUKGqugKo6","Up","Adam Baldych, Helge Lien Trio","Bridges","1","9","265388","spotify:user:21l7lx3frau5ex73pmhzwtygi","2019-12-13T09:40:02Z"
"spotify:track:62mUe2e6AFoDSuB5UZPEjj","Mansions of Millions of Years","Mammal Hands","Animalia","1","1","367946","spotify:user:21l7lx3frau5ex73pmhzwtygi","2019-12-13T09:41:27Z"
"spotify:track:1saqYz2C1fbIj7J2xqZN9W","Pelangi","5Petani","Sawah Impian","1","2","288613","spotify:user:21l7lx3frau5ex73pmhzwtygi","2019-12-13T09:54:20Z"
"spotify:track:4JRQLCoyY6FEuelXbxFtjb","Ide Were Were","Carioca","Grateful","1","7","251253","spotify:user:21l7lx3frau5ex73pmhzwtygi","2019-12-15T09:32:50Z"
"spotify:track:1BYVhbLZ6PAsv36Gc8iPuK","Stratus","Billy Cobham","Spectrum","1","6","589786","spotify:user:21l7lx3frau5ex73pmhzwtygi","2019-12-16T11:00:13Z"
"spotify:track:6aJim69kiR8IWTtVzlixz6","Catavento","Dave Grusin","One Of A Kind","1","3","245666","spotify:user:21l7lx3frau5ex73pmhzwtygi","2019-12-16T11:12:23Z"
"spotify:track:4AMhabRXfjtWNhcwUpNQDv","And Then","Weather Report","Mr. Gone","1","8","200693","spotify:user:21l7lx3frau5ex73pmhzwtygi","2019-12-16T11:13:22Z"
"spotify:track:128PRIJPgVA22JJBAJLau1","The Only Thing I Could Wish For","Angela Bofill","Angie","1","5","266493","spotify:user:21l7lx3frau5ex73pmhzwtygi","2019-12-16T11:14:35Z"
"spotify:track:3RoReKldafLHDwT2mGPPA6","Hylife","Marcus Miller","Hylife","1","1","419276","spotify:user:21l7lx3frau5ex73pmhzwtygi","2019-12-16T11:19:24Z"
"spotify:track:35vrAaOvThXxvHwpbwrmng","Cosmic Underground","Adam Nitti","Not of This World","1","3","397640","spotify:user:21l7lx3frau5ex73pmhzwtygi","2019-12-16T11:21:26Z"
"spotify:track:4jUbjDrF7WqQhZveGyJhQE","Free Fall","Tony Grey","Moving","1","7","431186","spotify:user:21l7lx3frau5ex73pmhzwtygi","2019-12-16T11:21:47Z"
"spotify:track:7n5Ojlj6FIlNXDKOqSnEHR","Madiba","Shaun Martin","7Summers","1","10","329396","spotify:user:21l7lx3frau5ex73pmhzwtygi","2019-12-19T08:56:04Z"
"spotify:track:2N7sS349Xk1veEUTEw0cgQ","追憶の赤い日々","Calmera","Horns Riot","1","2","306582","spotify:user:21l7lx3frau5ex73pmhzwtygi","2019-12-22T08:14:50Z"
"spotify:track:1IavvvjcpNH0OZIpn3OwGu","Hala Land","Tarek Yamani","Peninsular","1","2","308674","spotify:user:21l7lx3frau5ex73pmhzwtygi","2019-12-22T12:35:38Z"
"spotify:track:0pUrfDzQtZAmZUSsv1ttBu","Shine","Elektrojazz, Michael Stephenson","New York Tribute","1","1","359066","spotify:user:21l7lx3frau5ex73pmhzwtygi","2019-12-24T12:53:00Z"
"spotify:track:0QDfFCWB4gDrT7xlXYg9nv","People Make The World Go Round - Mixed","Innerzone Orchestra","DJ-Kicks (Kerri Chandler) [Mixed Tracks]","1","18","267023","spotify:user:21l7lx3frau5ex73pmhzwtygi","2019-12-24T13:07:39Z"
"spotify:track:2gEOUPrIi4NgX175mZbKH7","The Magnificent Moon","Mildlife","Phase","1","1","532066","spotify:user:21l7lx3frau5ex73pmhzwtygi","2019-12-24T13:10:31Z"
"spotify:track:5AK87pEAvCIJ46MSN316aC","Myrtle Avenue","Floating Points","Shadows","1","1","602500","spotify:user:21l7lx3frau5ex73pmhzwtygi","2019-12-24T13:11:22Z"
"spotify:track:1UOTHt2Vxk5xHMvdN7gkRF","Dolores","The Black Market Trust","Folk Songs","1","5","123560","spotify:user:21l7lx3frau5ex73pmhzwtygi","2019-12-27T15:58:01Z"
"spotify:track:4Iy8aRWqeoo9jAP65QfNtP","Puri Jati","Nils Petter Molvær","Buoyancy","1","5","228706","spotify:user:21l7lx3frau5ex73pmhzwtygi","2019-12-27T18:32:14Z"
"spotify:track:1pASaPpC5gkDDQlcZi1QKi","Pavane","Regina Carter","Paganini: After A Dream","1","3","324573","spotify:user:21l7lx3frau5ex73pmhzwtygi","2019-12-27T18:42:46Z"
"spotify:track:785oxa0vXmvmyIUjGMqAUv","Nascedouro","Nação Zumbi","As 10 + do Manguebeat","1","7","216084","spotify:user:21l7lx3frau5ex73pmhzwtygi","2019-12-28T10:07:39Z"
"spotify:track:7gAYsrRT8UpdSPba5Z0yed","Hardgroove","The RH Factor","Hard Groove","1","1","331973","spotify:user:21l7lx3frau5ex73pmhzwtygi","2019-12-29T19:03:27Z"
"spotify:track:6SKqR2a8IjX5tYHs4zj84D","Cinnamon Tree","Esperanza Spalding","Radio Music Society","1","2","335960","spotify:user:21l7lx3frau5ex73pmhzwtygi","2019-12-29T19:06:44Z"
"spotify:track:6gVXJNHw1DBEaGEMJgTj1k","Skyward Bound","Steps Ahead","Steps Ahead","1","5","243920","spotify:user:21l7lx3frau5ex73pmhzwtygi","2019-12-29T19:26:16Z"
"spotify:track:5reT1HpzEOyAXLSbglG9Be","Raindrops Keep Falling on My Head","Emilie-Claire Barlow","The Beat Goes On","1","1","254096","spotify:user:21l7lx3frau5ex73pmhzwtygi","2019-12-29T19:26:36Z"
"spotify:track:3KskSrYOOWUSIp5kBmgxhx","Thing of Gold","Snarky Puppy","GroundUP","1","1","385120","spotify:user:21l7lx3frau5ex73pmhzwtygi","2019-12-29T19:35:30Z"
"spotify:track:1MRufqwOqcz0tVPlymfIEi","Bambala","Nuru Kane","Exile","1","3","179640","spotify:user:21l7lx3frau5ex73pmhzwtygi","2019-12-29T19:47:56Z"
"spotify:track:4fGNabqT8BB63Qs7tpHu61","Manhattan Skyline","MFSB","Mysteries of the World","1","1","286640","spotify:user:21l7lx3frau5ex73pmhzwtygi","2019-12-31T15:30:10Z"
"spotify:track:4i97EYYvezyfgU9PVDcSeV","Enjoy the Moment","Swingrowers","Remote","1","9","208540","spotify:user:21l7lx3frau5ex73pmhzwtygi","2019-12-31T19:48:19Z"
"spotify:track:22fOKro5r04C4WbEsbtTND","Singin’ A Cappella","The Idea of North","Anthology","1","9","282026","spotify:user:21l7lx3frau5ex73pmhzwtygi","2020-01-01T23:12:11Z"
"spotify:track:4LyCkwAkCLkY1KNz2a1Okm","Dear John","The Idea of North, James Morrison","Feels Like Spring","1","1","194386","spotify:user:21l7lx3frau5ex73pmhzwtygi","2020-01-01T23:13:02Z"
"spotify:track:3oxxnYafYfPar2bcCU87jg","Pass Me the Jazz","The Real Group","The Real Album","1","2","210746","spotify:user:21l7lx3frau5ex73pmhzwtygi","2020-01-01T23:15:53Z"
"spotify:track:6ok1ndnm7CCydQLVPQazRN","So Many Stars","Sergio Mendes & Brasil '66","Look Around","1","9","270840","spotify:user:21l7lx3frau5ex73pmhzwtygi","2020-01-01T23:17:45Z"
"spotify:track:2lSVCO7B9BjbNdVjw64lEO","Manyaka O Brazil","Richard Bona","Tiki","1","8","246386","spotify:user:21l7lx3frau5ex73pmhzwtygi","2020-01-03T19:03:25Z"
"spotify:track:4wpZadyjV07oPn5RyHqkRl","Armando's Rhumba","Chick Corea","My Spanish Heart","1","9","319066","spotify:user:21l7lx3frau5ex73pmhzwtygi","2020-01-03T19:13:32Z"
"spotify:track:4XyKqXYeL0FBPFbDrXLvJZ","Crazy Race","The RH Factor","Distractions","1","2","143280","spotify:user:21l7lx3frau5ex73pmhzwtygi","2020-01-03T19:43:53Z"
"spotify:track:6mnXklULvOG0mTkNvhQLMr","Come With Me","Tania Maria","Jazz Moods: Morning Cup Of Jazz","1","10","339160","spotify:user:21l7lx3frau5ex73pmhzwtygi","2020-01-04T14:37:02Z"
"spotify:track:3V7lRatiQz7MHP0E6VYKfk","Blues In The Pulpit","Dave Pope Trio, Mike Pope, John Patitucci","You and the Night and the Music","1","4","368360","spotify:user:21l7lx3frau5ex73pmhzwtygi","2020-01-23T15:29:12Z"
"spotify:track:02ZyX9IN4teDHjo97haavA","Understand Yourself (feat. Sullivan Fortner) - Instrumental Duo Version","Theo Croker, Sullivan Fortner","Understand Yourself","1","2","137137","spotify:user:21l7lx3frau5ex73pmhzwtygi","2020-01-24T10:41:55Z"
"spotify:track:4CxBlgvP5r2Xjx7piAEuqt","Savana, Céline, Aya, Pt. 2","Chassol","Savana, Céline, Aya, Pt. 2","1","1","183205","spotify:user:21l7lx3frau5ex73pmhzwtygi","2020-01-29T10:15:51Z"
"spotify:track:6pate5KXX0HTNBeM9zbfEg","Lion Sand","Agua Azul Quartet","Summer Pleasures","1","10","81308","spotify:user:21l7lx3frau5ex73pmhzwtygi","2020-01-29T10:21:21Z"
"spotify:track:5jHIi22mx6UUAjgbi8OQ0c","Instrumental Music for Vintage Cocktail Bars","Deluxe Cocktail Bar Music","Classic Music for Cocktail Bars","1","4","169127","spotify:user:21l7lx3frau5ex73pmhzwtygi","2020-01-29T10:21:44Z"
"spotify:track:68rEYM1ZXIv0ozbxTTh8N1","Mari Bercerita","Payung Teduh, Ichamalia","Ruang Tunggu","1","4","301717","spotify:user:21l7lx3frau5ex73pmhzwtygi","2020-01-29T11:00:42Z"
"spotify:track:1vNohgmWgLlGFL7bhR9ybe","Han","Jim Snidero","Project-K","1","1","466240","spotify:user:21l7lx3frau5ex73pmhzwtygi","2020-01-30T11:25:52Z"
"spotify:track:0vI6b1bVuS4BRAMLj7gb52","BLACCK - Live","Jon Batiste","Chronology Of A Dream: Live At The Village Vanguard","1","1","246773","spotify:user:21l7lx3frau5ex73pmhzwtygi","2020-01-30T11:46:43Z"
"spotify:track:3T0oY0D2wHB5prw1mmguiO","Soulsalicious - Remastered","Tape Five","Bossa for a Coup Reloaded","1","2","233304","spotify:user:21l7lx3frau5ex73pmhzwtygi","2020-01-30T13:05:54Z"
"spotify:track:7FxzgizJRGTQ3fxUqfvljg","Bad Bad News","Leon Bridges","Good Thing","1","2","207306","spotify:user:21l7lx3frau5ex73pmhzwtygi","2020-02-02T12:28:30Z"
"spotify:track:1lsvp57NI8vTXOdowNQJRz","Don't Let the World Pass You By","Jean-Luc Ponty","Cosmic Messenger","1","3","384040","spotify:user:21l7lx3frau5ex73pmhzwtygi","2020-02-03T10:32:45Z"
"spotify:track:7pDnuSsrnoHslBHlrJ1SSc","Manmay","Grégory Privat, Chris Jennings, Tilo Bertholo","Soley","1","13","264133","spotify:user:21l7lx3frau5ex73pmhzwtygi","2020-02-03T10:38:17Z"
"spotify:track:4BcHLB03E3zOJGfYKjopqf","Elegant People","Weather Report","Black Market","1","4","303533","spotify:user:21l7lx3frau5ex73pmhzwtygi","2020-02-04T17:52:17Z"
"spotify:track:2tCOdryTpRqRto1asfS0Jd","Ensueño","GODTET","Godtet","1","3","250023","spotify:user:21l7lx3frau5ex73pmhzwtygi","2020-02-04T18:00:57Z"
"spotify:track:3BctK2ivfX8xDcFX2PkwdI","Swag Times","Bill Laurance Trio","Swag Times","1","1","384269","spotify:user:21l7lx3frau5ex73pmhzwtygi","2020-02-06T19:07:55Z"
"spotify:track:2oY4JFGvzZGI9zK0xduQZG","So Long Chef","Nick Walters","Active Imagination","1","1","668813","spotify:user:21l7lx3frau5ex73pmhzwtygi","2020-02-06T19:08:07Z"
"spotify:track:6paMJTPTQSJJn7I8z0QQYq","Lonely Streets","Joey Alexander","Warna","1","3","333706","spotify:user:21l7lx3frau5ex73pmhzwtygi","2020-02-06T19:08:15Z"
"spotify:track:7AYdV37ek5H3eJzaaLGzG8","Road Away","Alfonso Gugliucci, Pekka Martikainen","Road Away","1","1","164695","spotify:user:21l7lx3frau5ex73pmhzwtygi","2020-02-06T19:09:25Z"
"spotify:track:712eVGwlDfPcwwoU2hyaic","Tiempo De Festival","The Dave Weckl Band","Perpetual Motion","1","11","313600","spotify:user:21l7lx3frau5ex73pmhzwtygi","2020-02-06T19:09:57Z"
"spotify:track:40JkkVGSWcwpTqQdR5Z4GM","Libertango","Rodrigo y Gabriela","Live Manchester and Dublin","1","6","193866","spotify:user:21l7lx3frau5ex73pmhzwtygi","2020-02-09T11:06:19Z"
"spotify:track:2uMaucw4d5WsA0HguYCZFK","You're the One","Braxton Cook","Somewhere in Between","1","2","308000","spotify:user:21l7lx3frau5ex73pmhzwtygi","2020-02-09T11:33:23Z"
"spotify:track:5D58AopxxArbrC4LO03K0C","- It's Just - Talk","Bob Curnow's L.A. Big Band, Bobby Shew, Wayne Bergeron, Alex Iles","Music of Pat Metheny & Lyle Mays","1","1","447933","spotify:user:21l7lx3frau5ex73pmhzwtygi","2020-02-09T11:39:48Z"
"spotify:track:57NbelD7NoWpb6dXVcOEbM","Alegría","Elia y Elizabeth","La Onda de Elia y Elizabeth","1","1","241946","spotify:user:21l7lx3frau5ex73pmhzwtygi","2020-02-09T11:42:12Z"
"spotify:track:1Uha8XwIjNMxVMLNjK78Sx","Caribe","Michel Camilo","Michel Camilo","1","9","480040","spotify:user:21l7lx3frau5ex73pmhzwtygi","2020-02-09T11:42:55Z"
"spotify:track:6V9HvO9ft54TjRYwUQWW80","Para Puerto Rico Voy","Joe Bataan","Saint Latin'S Day Massacre","1","4","314040","spotify:user:21l7lx3frau5ex73pmhzwtygi","2020-02-09T11:43:41Z"
"spotify:track:1U8wepZsOFSwioT3cqwwdx","Perla Morena","Spanish Harlem Orchestra, Rubén Blades","Across 110th Street (Digitally Remastered)","1","11","361426","spotify:user:21l7lx3frau5ex73pmhzwtygi","2020-02-09T11:45:20Z"
"spotify:track:0nxMthNP7hMqVn7sLyDDXC","El Rey De La Puntualidad","Héctor Lavoe, Fania All Stars","Lo Que Pide La Gente","1","3","405013","spotify:user:21l7lx3frau5ex73pmhzwtygi","2020-02-09T11:47:15Z"
"spotify:track:0cWrotZwqQAUrYpEeliVuR","La Comparsa","Chucho Valdés","New Conceptions","1","1","416933","spotify:user:21l7lx3frau5ex73pmhzwtygi","2020-02-09T11:48:48Z"
"spotify:track:0kkbix926akPrMmL7Oy3by","Tamashii No Rufuran","All That Jazz","Aki Jazz","1","9","298000","spotify:user:21l7lx3frau5ex73pmhzwtygi","2020-02-09T11:53:31Z"
"spotify:track:3W13rbnAqAxYLG7k5Szdv4","Ai Wa Hana Kimi Wa Sonotane","All That Jazz","Aki Jazz","1","16","228866","spotify:user:21l7lx3frau5ex73pmhzwtygi","2020-02-09T11:53:46Z"
"spotify:track:2KOJh2I1Bo0YFvvYGgMrCk","Beginning of Life","JABBERLOOP","NEW","1","2","270080","spotify:user:21l7lx3frau5ex73pmhzwtygi","2020-02-09T16:55:08Z"
"spotify:track:1dWqfPEa1snMS7kqIYNyB3","By The Way","Coco d'Or","Coco d'Or 2","1","4","290133","spotify:user:21l7lx3frau5ex73pmhzwtygi","2020-02-09T16:55:49Z"
"spotify:track:3ggXaHkbtPpTWIa4ljIbUr","Windy Afternoon","Lamp","Soyokaze Apartment Room 201","1","1","293053","spotify:user:21l7lx3frau5ex73pmhzwtygi","2020-02-09T16:56:03Z"
"spotify:track:7rADVpXdWn5hCXz3XzBegz","For Sentimental Reasons","Halie Loren","Simply Love","1","1","276466","spotify:user:21l7lx3frau5ex73pmhzwtygi","2020-02-09T16:56:25Z"
"spotify:track:0E8q2Fx2XuzXCO2NSAppkR","In A Sentimental Mood","Duke Ellington, John Coltrane","Duke Ellington & John Coltrane","1","1","255226","spotify:user:21l7lx3frau5ex73pmhzwtygi","2020-02-15T12:20:10Z"
"spotify:track:11CFsJs2mKj7MVO3swDPcB",">>>>>>>>>Voices","Kendrick Scott Oracle","A Wall Becomes A Bridge","1","4","407720","spotify:user:21l7lx3frau5ex73pmhzwtygi","2020-02-15T16:26:16Z"
"spotify:track:53qLUMiT81mlauOLkSNg7B","Yewande","Kansas Smitty's","Spring","1","1","329460","spotify:user:21l7lx3frau5ex73pmhzwtygi","2020-02-16T12:23:04Z"
"spotify:track:12k8V5wosYpfEK8w4W4Kb7","Pollock","Jeffrey Anthony","Harbor and a Lighthouse","1","2","239295","spotify:user:21l7lx3frau5ex73pmhzwtygi","2020-02-16T13:11:26Z"
"spotify:track:29WGtBWwY0MmzmCv9dXORU","Credits","Ant Law","Credits","1","1","256004","spotify:user:21l7lx3frau5ex73pmhzwtygi","2020-02-16T18:52:10Z"
"spotify:track:1kLnNSKAO9HxS4qKbR9aza","Bamako Love Song","MABUTA, Shane Cooper, Shabaka Hutchings","Welcome to This World","1","2","322000","spotify:user:21l7lx3frau5ex73pmhzwtygi","2020-02-16T18:52:31Z"
"spotify:track:2lO10mx8zbxhneyaVtzP52","Strange Heat","Wanubalé","Strange Heat","1","1","318968","spotify:user:21l7lx3frau5ex73pmhzwtygi","2020-02-17T11:05:17Z"
"spotify:track:2tvXdkylO2rwJXziHNpQ26","Blackbird","Hiromi","Blackbird","1","1","321360","spotify:user:21l7lx3frau5ex73pmhzwtygi","2020-02-17T11:31:54Z"
"spotify:track:2z0u3RXhuS55h7mJF70K1C","Bessie's Blues","Chick Corea Akoustic Band","Chick Corea Akoustic Band","1","1","296293","spotify:user:21l7lx3frau5ex73pmhzwtygi","2020-02-17T11:33:05Z"
"spotify:track:3zxiKSACyysHnxekk6QLRi","168","Monita Tahalea","Dandelion","1","3","219614","spotify:user:21l7lx3frau5ex73pmhzwtygi","2020-02-17T11:39:15Z"
"spotify:track:4an0lMBXVVuvjp62nNiAJT","Piccadilly","Dua Empat, Marini Nainggolan","Two of a Kind","1","5","276266","spotify:user:21l7lx3frau5ex73pmhzwtygi","2020-02-17T11:43:30Z"
"spotify:track:0Wn9nXKrZLPrthog6vCScP","Nomad","bohemianvoodoo","color & monochrome","1","1","347133","spotify:user:21l7lx3frau5ex73pmhzwtygi","2020-02-18T19:30:25Z"
"spotify:track:7KUJeTrpC3Lwo0Nm79P4Ju","Light Skinned Beauty","Theo Croker","AfroPhysicist","1","4","203760","spotify:user:21l7lx3frau5ex73pmhzwtygi","2020-02-18T19:35:09Z"
"spotify:track:2rM9Ib7IcjWcMnsIuIOHV8","Orange","Calmera","Horns Riot","1","4","307649","spotify:user:21l7lx3frau5ex73pmhzwtygi","2020-02-18T19:42:24Z"
"spotify:track:7lDiqq9HFno3NptDyxNYNP","Leaps","James Francies","Flight","1","1","369440","spotify:user:21l7lx3frau5ex73pmhzwtygi","2020-02-18T19:48:54Z"
"spotify:track:09E2uhYXoGYVO1eNmsW4id","J Schleia","Andromeda Mega Express Orchestra","Vula","1","6","695960","spotify:user:21l7lx3frau5ex73pmhzwtygi","2020-02-18T19:49:46Z"
"spotify:track:1BHIbjTSQaJNl2vuTCdisw","The Philosopher","Ezra Collective","Juan Pablo: The Philosopher","1","3","316093","spotify:user:21l7lx3frau5ex73pmhzwtygi","2020-02-18T19:55:59Z"
"spotify:track:68d6ZfyMUYURol2y15Ta2Y","Lingus","Snarky Puppy","We Like It Here","1","8","645720","spotify:user:21l7lx3frau5ex73pmhzwtygi","2020-02-18T20:05:43Z"
"spotify:track:4WVxjcsAJ98IRWxeHLK9oX","Sunday Afternoon","Blossom Dearie","Blossom Dearie Sings (45th Anniversary Edition)","1","3","220301","spotify:user:21l7lx3frau5ex73pmhzwtygi","2020-02-18T20:08:43Z"
"spotify:track:0k7UbZFOcNSebBda0H52rT","Stars","Yosi Horikawa","Vapor","1","14","379561","spotify:user:21l7lx3frau5ex73pmhzwtygi","2020-02-18T20:14:04Z"
"spotify:track:5nmNMrcX3cVyp5jbdQeean","Bilongo","Richard Bona, Mandekan Cubano","Heritage","1","2","338218","spotify:user:21l7lx3frau5ex73pmhzwtygi","2020-02-18T20:19:52Z"
"spotify:track:0vlHJxm2m5GUdUnhBl5WFK","Smack 'em","Ghost-Note, Brandon "TAZ" Niederauer","Swagism","1","7","499413","spotify:user:21l7lx3frau5ex73pmhzwtygi","2020-02-18T20:20:30Z"
"spotify:track:4tfHE4UaJbxcJao7tRZkX2","Reel Fionia","Haugaard & Høirup, Tapani Varis, Le Vent du Nord","Gæstebud","1","4","130759","spotify:user:21l7lx3frau5ex73pmhzwtygi","2020-02-18T20:20:59Z"
"spotify:track:4pyI68IXzSdiQddwxZbu1I","Seven Ways","Now Vs Now, Jason Lindner, Panagiotis Andreou, Mark Guiliana, Avishai Cohen","Now vs. Now","1","3","372240","spotify:user:21l7lx3frau5ex73pmhzwtygi","2020-02-18T20:27:43Z"
"spotify:track:34iP1qPyAfLpBAcMo7TQfN","Forget Regret","The RH Factor, Stephanie McKay","Hard Groove","1","8","232160","spotify:user:21l7lx3frau5ex73pmhzwtygi","2020-02-18T20:29:46Z"
"spotify:track:2KRZcEnOLRXcqBf7rzRN1Y","Blood and Whiskey","Redtenbacher's Funkestra, Tucker Antell, Mike Outram","Blood and Whiskey","1","1","451165","spotify:user:21l7lx3frau5ex73pmhzwtygi","2020-02-20T18:23:26Z"
"spotify:track:1jji1sWxZOo7eWnXifT7yP","Spain","Chick Corea","Light As A Feather","2","5","333666","spotify:user:21l7lx3frau5ex73pmhzwtygi","2020-02-22T13:13:33Z"
"spotify:track:64UcuyRGoQGmNFySzLA3gq","Bedtime For Bix","Pearl Django, Lance Buller","New Metropolitan Swing","1","14","259426","spotify:user:21l7lx3frau5ex73pmhzwtygi","2020-02-22T14:11:07Z"
"spotify:track:0SmeZpsHAKKhNuxtCdOqS1","In Light Of Turmoil","Andromeda Mega Express Orchestra","Vula","1","2","838853","spotify:user:21l7lx3frau5ex73pmhzwtygi","2020-02-22T14:17:21Z"
"spotify:track:2SSWG46MqqFH4dKu1hWbHa","Hello Bello","Dua Empat, Nesia Ardi","Hello Bello","1","1","229000","spotify:user:21l7lx3frau5ex73pmhzwtygi","2020-02-22T14:18:53Z"
"spotify:track:33jt3kYWjQzqn3xyYQ5ZEh","Cheek To Cheek","Ella Fitzgerald, Louis Armstrong","The Complete Ella And Louis On Verve","1","9","354533","spotify:user:21l7lx3frau5ex73pmhzwtygi","2020-02-23T14:42:57Z"
"spotify:track:5i3kEggJ0v9G8P0RHGyk33","Beneath The Mask","Chick Corea Elektric Band","Beneath The Mask","1","1","213866","spotify:user:21l7lx3frau5ex73pmhzwtygi","2020-02-23T14:46:12Z"
"spotify:track:56l4CzpusvjLJ1LnFl0KX3","Brakhage","Stereolab","Dots And Loops","1","1","330466","spotify:user:21l7lx3frau5ex73pmhzwtygi","2020-02-24T09:52:33Z"
"spotify:track:05d3KM9JTyNnnWIjo8PKvf","Haupe","Duke Ellington","Anatomy of a Murder","1","12","156306","spotify:user:21l7lx3frau5ex73pmhzwtygi","2020-02-24T09:55:14Z"
"spotify:track:6ZTilFyljGPpZeS5KbU0sh","Journey In Satchidananda","Alice Coltrane, Pharoah Sanders","Journey In Satchidananda","1","1","395866","spotify:user:21l7lx3frau5ex73pmhzwtygi","2020-02-24T09:57:05Z"
"spotify:track:3KjbDaMr76wJySRzM1Nx8G","Love Theme from "Spartacus"","Devadip Carlos Santana","The Swing Of Delight","1","2","411373","spotify:user:21l7lx3frau5ex73pmhzwtygi","2020-02-24T09:57:34Z"
"spotify:track:5V30hWPxNw3AZYHRmuSi5k","Pace Maker","Ghost-Note, Bobby Sparks","Swagism","1","3","408173","spotify:user:21l7lx3frau5ex73pmhzwtygi","2020-02-24T10:00:50Z"
"spotify:track:7cIYuqNAXx7gRKEsqEaFct","Ahimsa","Now Vs Now, Jason Lindner, Panagiotis Andreou, Mark Guiliana, Kurt Rosenwinkel","Now vs. Now","1","10","384066","spotify:user:21l7lx3frau5ex73pmhzwtygi","2020-02-24T10:08:56Z"
"spotify:track:1b92m4IM7WIu0Q4hfGCSpz","Siladen","Dua Empat, Marini Nainggolan","Two of a Kind","1","4","266413","spotify:user:21l7lx3frau5ex73pmhzwtygi","2020-02-24T10:11:39Z"
"spotify:track:6O88dCrmp22KUtlCcRkOdl","Túnel","Aline Morena, Hermeto Pascoal","Bodas de Latão","1","3","237493","spotify:user:21l7lx3frau5ex73pmhzwtygi","2020-02-24T10:26:20Z"
"spotify:track:7vrOjXJ3Oht6fFYxwoEV5J","Om Supreme","Alice Coltrane","Eternity","1","4","568946","spotify:user:21l7lx3frau5ex73pmhzwtygi","2020-02-24T10:30:20Z"
"spotify:track:13SKAB1duKOoYwCypjyiyY","Hickups","Wanubalé","Phosphenes","1","4","245546","spotify:user:21l7lx3frau5ex73pmhzwtygi","2020-02-24T10:33:33Z"
"spotify:track:6tAtwESfi8WOwZzPjFPBwm","A Mi Manera","Halie Loren","From the Wild Sky","1","11","230546","spotify:user:21l7lx3frau5ex73pmhzwtygi","2020-02-24T10:36:44Z"
"spotify:track:1TPuCR1ISUMz9Hz9eAqxji","Dorival","Mou Brasil","Farol","1","9","390853","spotify:user:21l7lx3frau5ex73pmhzwtygi","2020-02-25T09:30:56Z"
"spotify:track:1gxuzKTxHWoMfa6RqkHFdh","Hephaestus","The Steve McQueens","TERRAЯIUM","1","1","317146","spotify:user:21l7lx3frau5ex73pmhzwtygi","2020-02-25T10:28:58Z"
"spotify:track:6U6yJzTINBwCTJXc4hIvY2","Already There","Taylor McFerrin, Marcus Gilmore, Robert Glasper, Thundercat","Early Riser","1","7","179989","spotify:user:21l7lx3frau5ex73pmhzwtygi","2020-02-26T12:22:51Z"
"spotify:track:1iOBCjc1IekAWnemXHuc4M","Bala Com Bala","Elis Regina","Elis","1","2","191360","spotify:user:21l7lx3frau5ex73pmhzwtygi","2020-02-26T12:26:38Z"
"spotify:track:2D6hriW6VATAkhqhAZ5qQT","Bem vinda","Hermeto Pascoal","Ao Vivo (Remasterizado)","1","4","105253","spotify:user:21l7lx3frau5ex73pmhzwtygi","2020-02-26T12:55:54Z"
"spotify:track:28shGwDIKyqDtu8NjoFpEe","Ani Aff","Avishai Cohen","Seven Seas","1","6","274026","spotify:user:21l7lx3frau5ex73pmhzwtygi","2020-02-26T13:06:00Z"
"spotify:track:21URSUFxjSROYQRiMXJ0S7","Arroz Con Gandules","Soltron","Soltron","1","2","346115","spotify:user:21l7lx3frau5ex73pmhzwtygi","2020-02-26T13:22:24Z"
"spotify:track:4YpkIAcPh7Z1umLXJoeITw","Better Than","Gretchen Parlato","The Lost and Found","1","6","373935","spotify:user:21l7lx3frau5ex73pmhzwtygi","2020-02-26T13:22:54Z"
"spotify:track:65ELtmn01MNLbuTbV8ue4h","Aquarela do Brasil","Rosa Passos","Curare","1","6","312866","spotify:user:21l7lx3frau5ex73pmhzwtygi","2020-02-26T13:49:45Z"
"spotify:track:67rHoSfZuDcvwV2CA41rHH","About a Tree - Oyfn Weg Shteyt a Boym","Avishai Cohen","Seven Seas","1","2","413026","spotify:user:21l7lx3frau5ex73pmhzwtygi","2020-02-26T13:50:28Z"
"spotify:track:5ZAeQeJZx6wwIYQ4lKFKTN","Bang! Zoom","Bobby McFerrin","Bang! Zoom","1","1","333693","spotify:user:21l7lx3frau5ex73pmhzwtygi","2020-02-26T13:56:46Z"
"spotify:track:36MLLjFug6TJYNODUVR7av","Blue Rondo à la Turk","The Dave Brubeck Quartet","Time Out","1","1","403640","spotify:user:21l7lx3frau5ex73pmhzwtygi","2020-02-28T15:19:33Z"
"spotify:track:34x5AhvVgbLhebznYRBrSO","Blue Bossa","Jimmy Rosenberg","Trio","1","10","218984","spotify:user:21l7lx3frau5ex73pmhzwtygi","2020-02-28T15:20:22Z"
"spotify:track:63wEUQ8SN2S8nx2r21zTnl","Blues Boys Tune","B.B. King","Blues On The Bayou","1","1","209840","spotify:user:21l7lx3frau5ex73pmhzwtygi","2020-02-28T15:24:37Z"
"spotify:track:0zAI2qtXyhwuTDClivPG7a","Carita de Luna","Claudia Acuna","Luna","1","11","215106","spotify:user:21l7lx3frau5ex73pmhzwtygi","2020-02-28T15:43:00Z"
"spotify:track:2fCajxbOhSeGtzCSgK2ZvJ","Chega De Saudade","Antônio Carlos Jobim, Gal Costa, Vinícius de Moraes","Blue Bossa & Cool Jazz","1","4","228533","spotify:user:21l7lx3frau5ex73pmhzwtygi","2020-02-28T15:51:22Z"
"spotify:track:1tkV8dyHlKZY8NdMsm09GZ","Central Park Sunday","Marc Russo","SimCity 3000 (Original Soundtrack)","1","13","331546","spotify:user:21l7lx3frau5ex73pmhzwtygi","2020-02-28T15:52:14Z"
"spotify:track:3r97RvWNz8mx47HGBKcWxq","Vai Levando","Caetano Veloso","Bossa e Sentimento, Número um (The Spirit Of Rio de Janeiro)","1","3","156800","spotify:user:21l7lx3frau5ex73pmhzwtygi","2020-02-28T15:52:54Z"
"spotify:track:2CCmWJZGzxAvLnMks8y4Li","Joint 17","Yussef Kamaal","Black Focus","1","10","499106","spotify:user:21l7lx3frau5ex73pmhzwtygi","2020-02-29T09:29:40Z"
"spotify:track:7J4yPjRjWY8EU0ZY2yyNvb","Bida Mariadu","Lura","M'Bem di Fora","1","1","293653","spotify:user:21l7lx3frau5ex73pmhzwtygi","2020-02-29T09:31:40Z"
"spotify:track:17UXJldxw6BDUxVoDjemkK","石の教会","bohemianvoodoo","MOMENTS","1","1","277840","spotify:user:21l7lx3frau5ex73pmhzwtygi","2020-02-29T09:34:48Z"
"spotify:track:5Rgo9m5dg3cl4h4xLtyXyT","Thang (hips)","Esperanza Spalding","12 Little Spells (Deluxe Edition)","1","4","275080","spotify:user:21l7lx3frau5ex73pmhzwtygi","2020-02-29T09:45:04Z"
"spotify:track:5PLZNowM876Uy5et6zuBZq","Adria Blue","bohemianvoodoo","echoes","1","8","306413","spotify:user:21l7lx3frau5ex73pmhzwtygi","2020-02-29T09:47:42Z"
"spotify:track:46BCpYx2ERUE5Rjk9dB1qh","Ruby My Dear","Roy Hargrove","Diamond In The Rough","1","2","373413","spotify:user:21l7lx3frau5ex73pmhzwtygi","2020-02-29T09:47:58Z"
"spotify:track:3C3ZfMwFPTsa3tIPKzQHmo","Casanova","Floex","Zorya","1","2","350560","spotify:user:21l7lx3frau5ex73pmhzwtygi","2020-02-29T09:51:55Z"
"spotify:track:15ouqiBsgL12olEwP3COsH","Águas De Março","Elis Regina, Antônio Carlos Jobim","Elis & Tom","1","1","214366","spotify:user:21l7lx3frau5ex73pmhzwtygi","2020-02-29T16:49:17Z"
"spotify:track:1v1Rp53Yo1kaWD1JdCGgTO","Brand New Day","Hiromi, Anthony Jackson, Simon Phillips","Move: The Trio Project","1","2","422226","spotify:user:21l7lx3frau5ex73pmhzwtygi","2020-02-29T16:53:29Z"
"spotify:track:2QlrbKvkpaG3dbHVHpj161","Cap'tain Ferber","Biréli Lagrène Trio","Just the Way You Are","1","8","203373","spotify:user:21l7lx3frau5ex73pmhzwtygi","2020-02-29T16:57:24Z"
"spotify:track:6jXAdaU4wshOAHXCUVvkn3","Cherokee","Kamasi Washington","The Epic","3","2","494466","spotify:user:21l7lx3frau5ex73pmhzwtygi","2020-02-29T17:10:10Z"
"spotify:track:0u4k2ubia2vVjSzs0oxqcF","Pra Manha","Da Lata","Late Night Tales: Another Late Night - Zero 7","1","7","373133","spotify:user:21l7lx3frau5ex73pmhzwtygi","2020-02-29T17:12:04Z"
"spotify:track:7hi5Z62sazICeGInoSnRbx","Desert on the Moon","Hiromi","Brain","1","5","426573","spotify:user:21l7lx3frau5ex73pmhzwtygi","2020-02-29T17:14:02Z"
"spotify:track:0maXAe5BPZbEmr97VtfB5g","Land of the Third Eye","Dave Valentin","Land of the Third Eye (Expanded Edition)","1","5","416786","spotify:user:21l7lx3frau5ex73pmhzwtygi","2020-03-01T13:39:03Z"
"spotify:track:1w5QdtS4IlIGJvKL3n8cSO","Come to Me","Mario Biondi","Best of Soul","2","6","319013","spotify:user:21l7lx3frau5ex73pmhzwtygi","2020-03-01T13:58:57Z"
"spotify:track:1Gv108oQTvHepjTtG66vg3","The Exchange","The JuJu Exchange","Exchange","1","2","204635","spotify:user:21l7lx3frau5ex73pmhzwtygi","2020-03-01T13:59:42Z"
"spotify:track:6sGOEfonSFvbSmRifPfrpt","Angustiado","Omar Sosa & NDR Bigband","Es:sensual","1","7","779430","spotify:user:21l7lx3frau5ex73pmhzwtygi","2020-03-01T14:24:40Z"
"spotify:track:3qa7Yf1pcI3yon5SwFvayo","Double Up","The Dave Weckl Band","Perpetual Motion","1","1","336666","spotify:user:21l7lx3frau5ex73pmhzwtygi","2020-03-01T14:33:05Z"
"spotify:track:04tbZ2D8eHYEwT4KmoHzUL","Discobot","Progger","Populace","1","1","498226","spotify:user:21l7lx3frau5ex73pmhzwtygi","2020-03-01T14:34:32Z"
"spotify:track:5UoaCCka4gNSrSS0Gh3zWH","Door into Summer","The Greg Foat Group","The Dancers at the Edge of Time","1","2","301733","spotify:user:21l7lx3frau5ex73pmhzwtygi","2020-03-01T14:39:09Z"
"spotify:track:6ecdqREAHHpR43oV9eSJX3","Elastic","Endless Season","Endless Season","1","8","303173","spotify:user:21l7lx3frau5ex73pmhzwtygi","2020-03-01T14:42:24Z"
"spotify:track:4pAln8on4NczzE3HRR4Rsq","Intro - Ladies and Gentlemen Introducing Mario Biondi","Mario Biondi","Sun","1","1","43013","spotify:user:21l7lx3frau5ex73pmhzwtygi","2020-03-01T14:47:15Z"
"spotify:track:6u7MfJPdKanbOe5fGRah5k","Henrietta Our Hero","Kamasi Washington","The Epic","2","5","433760","spotify:user:21l7lx3frau5ex73pmhzwtygi","2020-03-01T16:54:29Z"
"spotify:track:3AfZBunOMM8nRLpYQB3h6I","Just A Love Child - Remastered 1999","Bobbi Humphrey","Blacks And Blues","1","3","395426","spotify:user:21l7lx3frau5ex73pmhzwtygi","2020-03-03T13:27:37Z"
"spotify:track:6mKFT7IgERt29YwYJxY554","Central Park West","Eric Alexander","Touching","1","5","391893","spotify:user:21l7lx3frau5ex73pmhzwtygi","2020-03-03T13:29:07Z"
"spotify:track:2z1lkuvhdiZqas1C5SNTWP","Last Summer","Jimmy Greene","Beautiful Life","1","2","398000","spotify:user:21l7lx3frau5ex73pmhzwtygi","2020-03-03T13:44:17Z"
"spotify:track:70rOhOKh44Ba1TsU7x2fNt","Nostalgia in Times Square","Mingus Big Band","Nostalgia in Times Square","1","1","400666","spotify:user:21l7lx3frau5ex73pmhzwtygi","2020-03-03T13:48:29Z"
"spotify:track:6weiB9axny7btOPwKE6g1s","MANSHINSOUI","Calmera","MANSHINSOUI","1","1","219500","spotify:user:21l7lx3frau5ex73pmhzwtygi","2020-03-03T14:00:31Z"
"spotify:track:6O3hzrusspP0zBLEIvEmMq","Deixar Você","Cesar Camargo Mariano, Pedro Mariano","Piano & Voz","1","3","269351","spotify:user:21l7lx3frau5ex73pmhzwtygi","2020-03-03T14:19:48Z"
"spotify:track:0DKvzig7rwfWTZ0gvb0Zfx","Hell's Bells","Bill Bruford","Master Strokes 1978-1985","1","1","214333","spotify:user:21l7lx3frau5ex73pmhzwtygi","2020-03-05T12:43:10Z"
"spotify:track:0q2uzb2b8V9MySUOBmkfO7","Bullet Train","Steps","Step By Step","1","4","331973","spotify:user:21l7lx3frau5ex73pmhzwtygi","2020-03-05T12:54:45Z"
"spotify:track:6J5TRfMrS7OCb4PbgueTO5","Make Someone Happy (with Gregory Porter)","Jeff Goldblum & The Mildred Snitzer Orchestra, Gregory Porter","I Shouldn’t Be Telling You This","1","10","282702","spotify:user:21l7lx3frau5ex73pmhzwtygi","2020-03-05T13:26:26Z"
"spotify:track:1RC6SuttZH5Opxqdt0ibZs","Let's Face The Music And Dance (with Sharon Van Etten)","Jeff Goldblum & The Mildred Snitzer Orchestra, Sharon Van Etten","I Shouldn’t Be Telling You This","1","1","246595","spotify:user:21l7lx3frau5ex73pmhzwtygi","2020-03-05T13:28:53Z"
"spotify:track:5IOBG1sXMviaMar5KSXl8O","My Baby Just Cares For Me - Live","Jeff Goldblum & The Mildred Snitzer Orchestra, Haley Reinhart","The Capitol Studios Sessions","1","3","314786","spotify:user:21l7lx3frau5ex73pmhzwtygi","2020-03-05T13:40:03Z"
"spotify:track:52UEAt2D3kIbW0inKMdlLp","The Sidewinder / The Beat Goes On (with Inara George)","Jeff Goldblum & The Mildred Snitzer Orchestra, Inara George","I Shouldn’t Be Telling You This","1","2","271915","spotify:user:21l7lx3frau5ex73pmhzwtygi","2020-03-05T13:42:53Z"
"spotify:track:5HuEHU71VWcyQI6KUsfkBK","Cantaloupe Island - Live","Jeff Goldblum & The Mildred Snitzer Orchestra","The Capitol Studios Sessions","1","1","342746","spotify:user:21l7lx3frau5ex73pmhzwtygi","2020-03-05T13:47:10Z"
"spotify:track:33MdE07j0MEjjJ6vWdjrQt","The Kicker","Jeff Goldblum & The Mildred Snitzer Orchestra","I Shouldn’t Be Telling You This","1","5","226635","spotify:user:21l7lx3frau5ex73pmhzwtygi","2020-03-05T13:58:41Z"
"spotify:track:4SW6JHzZ7Ehvp2RLZt6Yxt","Straighten Up And Fly Right - Live","Jeff Goldblum & The Mildred Snitzer Orchestra, Imelda May, Till Brönner","The Capitol Studios Sessions","1","4","193066","spotify:user:21l7lx3frau5ex73pmhzwtygi","2020-03-05T14:20:36Z"
"spotify:track:6QJT16QV1nGu0ZPjL4HCMe","Bossa Antigua","Paul Desmond","The Complete RCA Victor Recordings","1","1","284373","spotify:user:21l7lx3frau5ex73pmhzwtygi","2020-03-05T19:04:51Z"
"spotify:track:4iRp41EK4vlHlEr35GRax1","Out of Sight, Out of Mind","The Reign of Kindo","This is What Happens","1","8","247866","spotify:user:21l7lx3frau5ex73pmhzwtygi","2020-03-05T19:13:57Z"
"spotify:track:27t09Tqj94srF3fh1Jd46o","Only Trust Your Heart","Kenny Kotwitz, Steve Hobbs, Greg Clayton, Dave Laing, Alec Walkington, John Labelle, North America Jazz Alliance","The Montreal Sessions","1","11","284306","spotify:user:21l7lx3frau5ex73pmhzwtygi","2020-03-05T19:18:50Z"
"spotify:track:0BkDv1xYZLjtgGZaBsxkN6","One Of Us Is Over 40","Chick Corea Elektric Band","Beneath The Mask","1","3","297866","spotify:user:21l7lx3frau5ex73pmhzwtygi","2020-03-05T19:20:13Z"
"spotify:track:6xGzI7O9k24wpFDKVXlaye","Old Rag","Keith Jarrett Trio","Somewhere Before","1","9","157706","spotify:user:21l7lx3frau5ex73pmhzwtygi","2020-03-05T19:25:43Z"
"spotify:track:3uIRJNlXSn6MdS3Osx5CW5","O Samba da Minha Terra","Rosa Passos","Rosa Passos Canta Ary, Tom e Caymmi","1","1","158346","spotify:user:21l7lx3frau5ex73pmhzwtygi","2020-03-05T19:31:18Z"
"spotify:track:7mPkkZtJvtHpaPTqp84raU","Bulgarian Boogie","Koby Israelite","Blues from Elsewhere","1","9","249613","spotify:user:21l7lx3frau5ex73pmhzwtygi","2020-03-06T09:57:35Z"
"spotify:track:0GUUhTWMylAx5pHDI42t1V","Line For Lyons","Gerry Mulligan, Paul Desmond Quartet","Gerry Mulligan - Paul Desmond Quartet (Expanded Edition)","1","4","188960","spotify:user:21l7lx3frau5ex73pmhzwtygi","2020-03-06T10:03:10Z"
"spotify:track:2ukW9zOr51AYeLSmCtTVqW","Não Me Deixe Só","Vanessa Da Mata","Vanessa da Mata","1","1","189666","spotify:user:21l7lx3frau5ex73pmhzwtygi","2020-03-06T10:31:03Z"
"spotify:track:2ZK3ct3MDXWAKvW1hYuENg","Child's Play","The Dave Weckl Band","Perpetual Motion","1","2","382666","spotify:user:21l7lx3frau5ex73pmhzwtygi","2020-03-06T10:31:29Z"
"spotify:track:72hle3TbBpsvLgEgRzruk6","Mesmer-Eyes","The Dave Weckl Band","Perpetual Motion","1","3","270133","spotify:user:21l7lx3frau5ex73pmhzwtygi","2020-03-06T10:33:51Z"
"spotify:track:7no3X3SpHZ01cTPVlH88eI","Far From The Sea","Bebel Gilberto","All In One","1","7","202106","spotify:user:21l7lx3frau5ex73pmhzwtygi","2020-03-06T10:36:48Z"
"spotify:track:2tWBZI1WvBNaUzA7e8jzHW","So Nice (Summer Samba)","Marcos Valle","Samba '68","1","3","151093","spotify:user:21l7lx3frau5ex73pmhzwtygi","2020-03-06T10:37:43Z"
"spotify:track:3ClMIPI0OAW6SgPAPG0lDB","Go","The Cat Empire","Steal the Light","1","9","205880","spotify:user:21l7lx3frau5ex73pmhzwtygi","2020-03-06T10:40:06Z"
"spotify:track:6MCaOLDl0epJPRN76H5S4N","Oba, Lá Vem Ela","Jorge Ben Jor, Trio Mocoto","Força Bruta","1","1","252506","spotify:user:21l7lx3frau5ex73pmhzwtygi","2020-03-06T10:45:26Z"
"spotify:track:7dju3RZcfdg2uGikXpWUQC","Make It Last","Nicole Henry","The Very Thought of You","1","12","316440","spotify:user:21l7lx3frau5ex73pmhzwtygi","2020-03-06T10:45:45Z"
"spotify:track:56aT6RHzJGhsnprd9bFSvP","Drip","Tigran Hamasyan","Shadow Theater","1","4","251213","spotify:user:21l7lx3frau5ex73pmhzwtygi","2020-03-06T10:46:17Z"
"spotify:track:1zvUXGsLk9hpnrJKCthwpb","Two Roses - Shnei shoshanim","Avishai Cohen","Seven Seas","1","9","324786","spotify:user:21l7lx3frau5ex73pmhzwtygi","2020-03-06T10:57:23Z"
"spotify:track:0mecXkOqARUQtKL9ofvp7y","Remelexo","Hermeto Pascoal","Ao Vivo (Remasterizado)","1","3","231973","spotify:user:21l7lx3frau5ex73pmhzwtygi","2020-03-06T10:59:17Z"
"spotify:track:3ReN51VIR0JEhGXUsnBdIU","Still The One","Derrick Hodge","Live Today","1","8","284066","spotify:user:21l7lx3frau5ex73pmhzwtygi","2020-03-06T10:59:44Z"
"spotify:track:0lDV0fFZoExtkbPPSAXWea","We Good","The JuJu Exchange","Exchange","1","3","172423","spotify:user:21l7lx3frau5ex73pmhzwtygi","2020-03-06T11:01:17Z"
"spotify:track:4Y0MpdciNwBXV9xGduVa53","We Can't Breathe","Theo Croker","Escape Velocity","1","9","300586","spotify:user:21l7lx3frau5ex73pmhzwtygi","2020-03-06T11:03:10Z"
"spotify:track:2CjGCepEkmxYIKt4onadvo","Chuva no mar (feat. Marisa Monte)","Carminho, Marisa Monte","Canto","1","5","204533","spotify:user:21l7lx3frau5ex73pmhzwtygi","2020-03-06T11:05:54Z"
"spotify:track:7jKZSxBKle19NDbMOgWmm5","Malcolm’s Theme","Kamasi Washington","The Epic","3","4","520506","spotify:user:21l7lx3frau5ex73pmhzwtygi","2020-03-06T11:10:59Z"
"spotify:track:5U0LFELYXyw4UCOzMxnXk4","Like This","School Of The Arts, t lavitz, Dave Weckl, Frank Gambale, John Patitucci, Jerry Goodman","School of the Arts","1","5","295160","spotify:user:21l7lx3frau5ex73pmhzwtygi","2020-03-06T11:18:23Z"
"spotify:track:4NblDSYmIWjNLb9ok9pRvE","Porquê","Carminho","Canto","1","4","139333","spotify:user:21l7lx3frau5ex73pmhzwtygi","2020-03-06T11:25:20Z"
"spotify:track:01t4DajjRtzzjV4SVXLWNW","Shenandoah","Yellowjackets","Cohearence","1","9","327253","spotify:user:21l7lx3frau5ex73pmhzwtygi","2020-03-06T11:30:55Z"
"spotify:track:5UNGNAZCk2mOWHIdcMbbhj","High Falutin' Blues","School Of The Arts, t lavitz, Dave Weckl, Frank Gambale, John Patitucci","School of the Arts","1","6","309813","spotify:user:21l7lx3frau5ex73pmhzwtygi","2020-03-08T15:50:47Z"
"spotify:track:6jUj5sqC0BH7xwbezIgvLS","Ligia (feat. João Gilberto)","Stan Getz, João Gilberto","The Best Of Two Worlds","1","3","320200","spotify:user:21l7lx3frau5ex73pmhzwtygi","2020-03-08T20:36:13Z"
"spotify:track:4aIM7jHmjPdbkGIYDsIoHm","Sweet Lips","Dave Valentin","The Most Essential Jazz Flute","1","2","365946","spotify:user:21l7lx3frau5ex73pmhzwtygi","2020-03-08T20:38:22Z"
"spotify:track:2f33GK2qmN8S0rXO56A3pn","Wasabi","Dave Valentin","Primitive Passions","1","9","239000","spotify:user:21l7lx3frau5ex73pmhzwtygi","2020-03-08T20:39:30Z"
"spotify:track:1HrOivjoh47FtdT8RyJ7Zm","Enchantment","Dave Valentin","Primitive Passions","1","7","229693","spotify:user:21l7lx3frau5ex73pmhzwtygi","2020-03-08T20:40:23Z"
"spotify:track:7HD0G7E1LbwqDqjZnk4DHY","Pied Piper (Man of Song)","Dave Valentin","Pied Piper (Expanded Edition)","1","1","299666","spotify:user:21l7lx3frau5ex73pmhzwtygi","2020-03-08T20:40:39Z"
"spotify:track:0zTJDU0iPVP9HEoO2zigJU","...like Wildfire","Johannes Zetterberg","Equanimity","1","7","321908","spotify:user:21l7lx3frau5ex73pmhzwtygi","2020-03-12T15:39:14Z"
"spotify:track:3TpME7x4F0pee8ZhJffch9","The Wish","George Garzone, Sven Svalbe, Daniel Berry, Matt Hayes, Dan Mamrot, Tully Ingamells","The Monash Sessions","1","11","353960","spotify:user:21l7lx3frau5ex73pmhzwtygi","2020-03-12T15:44:56Z"
"spotify:track:20XOB9Wty8xSBt05ZqJZGi","Taiane","Hermeto Pascoal E Grupo","Mundo Verde Esperança","1","1","292866","spotify:user:21l7lx3frau5ex73pmhzwtygi","2020-03-12T16:01:44Z"
"spotify:track:7luVCCOipnTPUvoD2to5jS","Suite Escapism: Fantasy","Hiromi, Simon Phillips, Anthony Jackson","Move: The Trio Project","1","6","396520","spotify:user:21l7lx3frau5ex73pmhzwtygi","2020-03-12T16:04:27Z"
"spotify:track:4A0pEB5VlcziR0ViNAoFwm","Portrait","School Of The Arts, t lavitz, Dave Weckl, Frank Gambale, John Patitucci, Steve Morse","School of the Arts","1","4","380906","spotify:user:21l7lx3frau5ex73pmhzwtygi","2020-03-12T16:15:32Z"
"spotify:track:1dzYZkbnbMuC4NWzq5UCTJ","The Magic Hour","Kimbra","The Golden Echo (Deluxe Version)","1","15","271026","spotify:user:21l7lx3frau5ex73pmhzwtygi","2020-03-12T16:25:58Z"
"spotify:track:1WVfnTL1GkgRc9Pn2VHoFE","Pulse","Blu-Swing","BLU-SWING 10th ANNIVERSARY BEST","1","5","366826","spotify:user:21l7lx3frau5ex73pmhzwtygi","2020-03-12T20:36:23Z"
"spotify:track:6wBdD70Pz6YmuT1QYX0fZM","Pure Imagination","Scary Pockets, Sam Gendel","Funk Ninja","1","5","124993","spotify:user:21l7lx3frau5ex73pmhzwtygi","2020-03-21T21:53:29Z"
"spotify:track:0dWOiVQwoUYTtXD0VVgmJQ","Chega de Saudade","João Gilberto","Rosa Morena","1","5","121986","spotify:user:21l7lx3frau5ex73pmhzwtygi","2020-03-22T10:35:24Z"
"spotify:track:41hMxxMGTD38PTN10YMDKR","Palpite Infeliz","João Gilberto","Joao","1","8","233000","spotify:user:21l7lx3frau5ex73pmhzwtygi","2020-03-22T10:55:46Z"
"spotify:track:5CVd9ignfgqFE7cCFOcAGu","Outra Vez","Nara Leão","Pure Bossa Nova","1","11","202173","spotify:user:21l7lx3frau5ex73pmhzwtygi","2020-03-22T10:59:00Z"
"spotify:track:0wrx7YMUJXIcThebT8XDz5","A Rã","João Donato","Quem É Quem","1","5","151826","spotify:user:21l7lx3frau5ex73pmhzwtygi","2020-03-22T11:14:58Z"
"spotify:track:6f3nZaMCLJv7F9B3gvOK4w","Palhaço","Egberto Gismonti","Circense","1","4","353800","spotify:user:21l7lx3frau5ex73pmhzwtygi","2020-03-22T11:35:16Z"
"spotify:track:3q2fLYW1wHMEhu6qISkAvp","Blind Faith","Haywyre","Panorama: Discover","1","6","174451","spotify:user:21l7lx3frau5ex73pmhzwtygi","2020-03-24T20:51:37Z"
"spotify:track:6WKZV5d0A36K3o8VXulpvK","I'm Not the Only One","Daniel Chia","Smooth Saxophone Covers, Vol. II","1","5","210027","spotify:user:21l7lx3frau5ex73pmhzwtygi","2020-03-24T21:47:16Z"
"spotify:track:5kDdv4J3xbbL0OVAn6Cit7","Safe","Shubh Saran","Becoming","1","3","334260","spotify:user:21l7lx3frau5ex73pmhzwtygi","2020-04-14T19:35:44Z"
"spotify:track:6iR7Tn2YBzbuMg8usssYod","The Spirit of","Brendan Eder Ensemble, Colleen Green, Veronica Bianqui","The Spirit of","1","1","277793","spotify:user:21l7lx3frau5ex73pmhzwtygi","2020-04-15T09:55:52Z"
"spotify:track:7nXpkjwDIYJJEoibBmrMju","The Nerve","Chris Potter, James Francies, Eric Harland","Circuits","1","3","510000","spotify:user:21l7lx3frau5ex73pmhzwtygi","2020-04-26T15:33:01Z"
"spotify:track:4xx3UI7cLCk1awQPAPLeHj","Nuovo Cinema Paradiso","Ennio Morricone","Nuovo Cinema Paradiso (Original Motion Picture Soundtrack) [Remastered Edition]","1","23","178666","spotify:user:21l7lx3frau5ex73pmhzwtygi","2020-04-27T21:46:22Z"
"spotify:track:6oJ3a7vvXngLMkr7VtxvXQ","Caipi","Kurt Rosenwinkel","Caipi","1","1","236600","spotify:user:21l7lx3frau5ex73pmhzwtygi","2020-04-29T15:50:36Z"
"spotify:track:186W9AFedgM2HOBRN3re10","Black Villain Music","Ben Williams","Coming Of Age","1","1","266880","spotify:user:21l7lx3frau5ex73pmhzwtygi","2020-04-29T16:12:12Z"
"spotify:track:1kvbvC5bAOd4xzfUTxCpum","Exclamation","Chris Potter, James Francies, Eric Harland","Circuits","1","8","436520","spotify:user:21l7lx3frau5ex73pmhzwtygi","2020-04-29T17:49:07Z"
"spotify:track:0kWznH6jw365vAlVDJhW7s","Pickled!","Rafiq Bhatia","Strata EP","1","4","225171","spotify:user:21l7lx3frau5ex73pmhzwtygi","2020-04-29T19:21:09Z"
"spotify:track:1HSHOe07A4gtxBwSFhK5Pb","Captain Señor Mouse","Return To Forever","Hymn Of The Seventh Galaxy","1","3","541173","spotify:user:21l7lx3frau5ex73pmhzwtygi","2020-05-12T10:57:18Z"
"spotify:track:1yRJxz9DUXUP9POp855jaa","Becoming","Kamasi Washington","Becoming (Music from the Netflix Original Documentary)","1","2","128009","spotify:user:21l7lx3frau5ex73pmhzwtygi","2020-05-19T14:35:22Z"
"spotify:track:6zIu0K5WUR7JSEY5afugSY","Seeds","Anatole Muster, Jacob Mann, Coco Elane, Johannes Zetterberg","Seeds","1","1","182000","spotify:user:21l7lx3frau5ex73pmhzwtygi","2020-05-19T14:35:32Z"
"spotify:track:7JEugxa6VEWZm45XEiVNT4","Es Vedra","Linkwood, Greg Foat","Linkwood & Foat","1","1","408588","spotify:user:21l7lx3frau5ex73pmhzwtygi","2020-05-19T18:09:35Z"
"spotify:track:7t2SYHQn8MAPXoL5HpskhY","Daylight","Laura Misch","Shaped by Who We Knew","1","1","197546","spotify:user:21l7lx3frau5ex73pmhzwtygi","2020-05-19T19:07:52Z"
"spotify:track:52YPcbhFF4HpiUAtUvjOQT","Jazz 104","Max Graef","Rivers Of The Red Planet","1","5","67943","spotify:user:21l7lx3frau5ex73pmhzwtygi","2020-05-19T19:09:16Z"
"spotify:track:1y9elxK89jRqVDXKkq8IRE","La Luna","Pedrito Martinez, Steve Gadd","The Pedrito Martinez Group","1","4","352779","spotify:user:21l7lx3frau5ex73pmhzwtygi","2020-05-20T13:32:25Z"
"spotify:track:72RpSAahlitp7MlL2GYAVs","Beijinhos","Kansas Smitty's","Summer","1","1","221186","spotify:user:21l7lx3frau5ex73pmhzwtygi","2020-05-27T10:49:01Z"
"spotify:track:1VGDOzh3V4tRNjuq0K7Hg0","July","Ben Wendel","The Seasons","1","7","367853","spotify:user:21l7lx3frau5ex73pmhzwtygi","2020-06-01T14:35:41Z"
